<step title="Incoming Request" date="2026-01-28T22:07:13.694" instance="58ab58" url="/api/zipdeploy?isAsync=true" method="POST" type="request" pid="830,1,21" Accept="*/*" Host="magicbuswebappnew-duenfjfugfg2b4e6.scm.southeastasia-01.azurewebsites.net" User-Agent="AZURECLI/2.81.0 (MSI)" Accept-Encoding="gzip, deflate" Authorization="Bas..." Cache-Control="no-cache" Content-Type="application/octet-stream" Content-Length="1833531" x-ms-client-request-id="b043e901-fc95-11f0-bfc4-6045bdaab496" x-ms-artifact-checksum="58f47ec0796dba7b80b74f5069f0b478a04e1336dca868ae68bccaf5ae5cc15d" X-ARR-LOG-ID="b043e901-fc95-11f0-bfc4-6045bdaab496" CLIENT-IP="74.225.176.69:3567" X-SITE-DEPLOYMENT-ID="magicBusWebAppNew" WAS-DEFAULT-HOSTNAME="magicbuswebappnew-duenfjfugfg2b4e6.scm.southeastasia-01.azurewebsites.net" X-Forwarded-Proto="https" X-AppService-Proto="https" X-Forwarded-TlsVersion="1.3" X-WAWS-Unencoded-URL="/api/zipdeploy?isAsync=true" X-Client-IP="74.225.176.69" X-Client-Port="3567" >
  <step title="Cleanup Xml Logs" date="2026-01-28T22:07:13.696" /><!-- duration: 5ms -->
  <step title="ZipPushDeploy" date="2026-01-28T22:07:13.710" >
    <step title="ZipDeploy. Extract zip." date="2026-01-28T22:07:13.716" /><!-- duration: 3ms -->
    <step title="Starting PushDeployAsync" date="2026-01-28T22:07:13.723" /><!-- duration: 3ms -->
    <step title="Writing artifact to /tmp/zipdeploy/43fcee08-80e7-499d-a472-8de82880e1f3.zip" date="2026-01-28T22:07:13.734" >
      <step title="Writing multipart request body to /tmp/zipdeploy/43fcee08-80e7-499d-a472-8de82880e1f3.zip" date="2026-01-28T22:07:13.736" /><!-- duration: 3ms -->
    </step><!-- duration: 284ms -->
    <step title="Start deployment in the background" date="2026-01-28T22:07:14.025" >
      <step title="Acquiring Deployment Lock" date="2026-01-28T22:07:14.034" /><!-- duration: 3ms -->
      <step title="Acquired Deployment Lock" date="2026-01-28T22:07:14.068" /><!-- duration: 3ms -->
    </step><!-- duration: 101ms -->
  </step><!-- duration: 419ms -->
  <step title="Outgoing response" date="2026-01-28T22:07:14.132" type="response" statusCode="202" statusText="Accepted" /><!-- duration: 3ms -->
</step><!-- duration: 444ms -->
