<step title="BackgroundTrace" date="2026-01-28T22:07:14.029" instance="58ab58" url="/api/zipdeploy" method="POST" >
  <step title="Creating temporary deployment - FetchDeploymentManager" date="2026-01-28T22:07:14.073" /><!-- duration: 2ms -->
  <step title="Creating temporary deployment" date="2026-01-28T22:07:14.079" /><!-- duration: 45ms -->
  <step title="Performing fetch based deployment" date="2026-01-28T22:07:14.148" >
    <step title="Cleaning up temp folders from previous zip deployments and extracting pushed zip file /tmp/zipdeploy/43fcee08-80e7-499d-a472-8de82880e1f3.zip (1.75 MB) to /tmp/zipdeploy/extracted" date="2026-01-28T22:07:15.275" >
      <step title="ChmodRecursive Process exited with total time taken in ms: 9" date="2026-01-28T22:07:15.313" /><!-- duration: 3ms -->
    </step><!-- duration: 44ms -->
    <step title="Deployment timer started" date="2026-01-28T22:07:17.331" >
      <step title="DeploymentManager.Deploy(id:c51a7649-943c-4caf-8c14-306bbdf09c56)" date="2026-01-28T22:07:17.336" >
        <step title="Collecting changeset information" date="2026-01-28T22:07:17.346" /><!-- duration: 72ms -->
        <step title="Updating submodules" date="2026-01-28T22:07:17.426" /><!-- duration: 1118ms -->
        <step title="Determining deployment builder" date="2026-01-28T22:07:18.777" >
          <step title="Builder is CustomBuilder" date="2026-01-28T22:07:18.781" /><!-- duration: 3ms -->
        </step><!-- duration: 10ms -->
        <step title="PreDeployment: context.CleanOutputPath False" date="2026-01-28T22:07:18.834" >
          <step title="PreDeployment: context.OutputPath /home/site/wwwroot" date="2026-01-28T22:07:18.954" >
            <step title="Building" date="2026-01-28T22:07:19.075" >
              <step title="Executing external process" date="2026-01-28T22:07:19.474" type="process" path="starter.sh" arguments="echo &quot;Skipping build - deploying pre-built app&quot;" /><!-- duration: 27ms -->
              <step title="Triggering recycle (preview mode disabled)." date="2026-01-28T22:07:20.001" /><!-- duration: 6ms -->
              <step title="Modified file to trigger a restart of the app container." date="2026-01-28T22:07:20.036" /><!-- duration: 3ms -->
              <step title="Skip function trigger and logicapp sync because function is not enabled." date="2026-01-28T22:07:20.044" /><!-- duration: 3ms -->
              <step title="Purge deployment items" date="2026-01-28T22:07:21.022" >
                <step title="Remove 16c4f1d1-, Failed, received at 01/28/2026 22:06:36" date="2026-01-28T22:07:21.081" /><!-- duration: 3ms -->
              </step><!-- duration: 65ms -->
            </step><!-- duration: 2076ms -->
          </step><!-- duration: 2201ms -->
          <step title="Cleaning up temp files" date="2026-01-28T22:07:21.159" /><!-- duration: 10ms -->
          <step title="Cleaning up temp files" date="2026-01-28T22:07:21.172" /><!-- duration: 504ms -->
          <step title="Reloading status file with latest updates" date="2026-01-28T22:07:21.696" >
            <step title="WebHooksManager.PublishEventAsync: PostDeployment" date="2026-01-28T22:07:21.700" /><!-- duration: 27ms -->
          </step><!-- duration: 35ms -->
          <step title="Cleaning up temporary deployment - fetch deployment was successful" date="2026-01-28T22:07:21.735" /><!-- duration: 3ms -->
        </step><!-- duration: 2971ms -->
      </step><!-- duration: 4481ms -->
