<step title="Incoming Request" date="2026-01-28T22:06:32.341" instance="58ab58" url="/api/zipdeploy?isAsync=true" method="POST" type="request" pid="830,1,24" Accept="*/*" Host="magicbuswebappnew-duenfjfugfg2b4e6.scm.southeastasia-01.azurewebsites.net" User-Agent="AZURECLI/2.81.0 (MSI)" Accept-Encoding="gzip, deflate" Authorization="Bas..." Cache-Control="no-cache" Content-Type="application/octet-stream" Content-Length="1833367" x-ms-client-request-id="980d3d45-fc95-11f0-bd81-6045bdaab496" x-ms-artifact-checksum="057ebf71e09c40ab644e5ccfd916c00578e5371f5ce6cdd07c6085f1df0b5acb" X-ARR-LOG-ID="980d3d45-fc95-11f0-bd81-6045bdaab496" CLIENT-IP="135.235.241.180:6666" X-SITE-DEPLOYMENT-ID="magicBusWebAppNew" WAS-DEFAULT-HOSTNAME="magicbuswebappnew-duenfjfugfg2b4e6.scm.southeastasia-01.azurewebsites.net" X-Forwarded-Proto="https" X-AppService-Proto="https" X-Forwarded-TlsVersion="1.3" X-WAWS-Unencoded-URL="/api/zipdeploy?isAsync=true" X-Client-IP="135.235.241.180" X-Client-Port="6666" >
  <step title="Cleanup Xml Logs" date="2026-01-28T22:06:32.343" /><!-- duration: 7ms -->
  <step title="ZipPushDeploy" date="2026-01-28T22:06:32.363" >
    <step title="ZipDeploy. Extract zip." date="2026-01-28T22:06:32.369" /><!-- duration: 3ms -->
    <step title="Starting PushDeployAsync" date="2026-01-28T22:06:32.380" /><!-- duration: 3ms -->
    <step title="Writing artifact to /tmp/zipdeploy/66ee6f37-82a9-400e-b2b7-d1c39e4dba65.zip" date="2026-01-28T22:06:32.402" >
      <step title="Writing multipart request body to /tmp/zipdeploy/66ee6f37-82a9-400e-b2b7-d1c39e4dba65.zip" date="2026-01-28T22:06:32.406" /><!-- duration: 13ms -->
    </step><!-- duration: 296ms -->
    <step title="Start deployment in the background" date="2026-01-28T22:06:32.708" >
      <step title="Acquiring Deployment Lock" date="2026-01-28T22:06:32.717" /><!-- duration: 3ms -->
      <step title="Acquired Deployment Lock" date="2026-01-28T22:06:32.748" /><!-- duration: 3ms -->
    </step><!-- duration: 138ms -->
  </step><!-- duration: 486ms -->
  <step title="Outgoing response" date="2026-01-28T22:06:32.852" type="response" statusCode="202" statusText="Accepted" /><!-- duration: 3ms -->
</step><!-- duration: 517ms -->
