﻿<?xml version="1.0" encoding="utf-8"?>
<deployment>
  <id>d0588d6f-1e3f-4da6-be23-1b35024831d9</id>
  <author>N/A</author>
  <deployer>Push-Deployer</deployer>
  <authorEmail>N/A</authorEmail>
  <message>Created via a push deployment</message>
  <progress></progress>
  <status>Success</status>
  <statusText></statusText>
  <lastSuccessEndTime>2026-01-28T21:07:21.005166Z</lastSuccessEndTime>
  <receivedTime>2026-01-28T21:07:18.3572166Z</receivedTime>
  <startTime>2026-01-28T21:07:19.6734182Z</startTime>
  <endTime>2026-01-28T21:07:21.005166Z</endTime>
  <complete>True</complete>
  <is_temp>False</is_temp>
  <is_readonly>True</is_readonly>
  <buildSummary />
</deployment>