<step title="Incoming Request" date="2026-01-28T21:54:34.959" instance="58ab58" url="/api/zipdeploy?isAsync=true" method="POST" type="request" pid="830,1,5" Accept="*/*" Host="magicbuswebappnew-duenfjfugfg2b4e6.scm.southeastasia-01.azurewebsites.net" User-Agent="AZURECLI/2.81.0 (MSI)" Accept-Encoding="gzip, deflate" Authorization="Bas..." Cache-Control="no-cache" Content-Type="application/octet-stream" Content-Length="1697034" x-ms-client-request-id="ea0ca9ee-fc93-11f0-b91a-6045bdaab496" x-ms-artifact-checksum="c9878b5bf85ca4c5d9b3f7e92cce98601aa373696f573d4c4f7a1a4ec17c4734" X-ARR-LOG-ID="ea0ca9ee-fc93-11f0-b91a-6045bdaab496" CLIENT-IP="135.235.241.180:6677" X-SITE-DEPLOYMENT-ID="magicBusWebAppNew" WAS-DEFAULT-HOSTNAME="magicbuswebappnew-duenfjfugfg2b4e6.scm.southeastasia-01.azurewebsites.net" X-Forwarded-Proto="https" X-AppService-Proto="https" X-Forwarded-TlsVersion="1.3" X-WAWS-Unencoded-URL="/api/zipdeploy?isAsync=true" X-Client-IP="135.235.241.180" X-Client-Port="6677" >
  <step title="ZipPushDeploy" date="2026-01-28T21:54:35.128" >
    <step title="ZipDeploy. Extract zip." date="2026-01-28T21:54:35.134" /><!-- duration: 3ms -->
    <step title="None repository commit" date="2026-01-28T21:54:35.143" >
      <step title="Commit id: 5bd11f12-30b4-4e98-b330-2742b091f13b" date="2026-01-28T21:54:35.146" Message="N/A" AuthorName="N/A" AuthorEmail="N/A" /><!-- duration: 3ms -->
    </step><!-- duration: 8ms -->
    <step title="Starting PushDeployAsync" date="2026-01-28T21:54:35.154" /><!-- duration: 3ms -->
    <step title="Writing artifact to /tmp/zipdeploy/8752705d-5ece-411d-bf10-1807a799ecac.zip" date="2026-01-28T21:54:35.168" >
      <step title="Writing multipart request body to /tmp/zipdeploy/8752705d-5ece-411d-bf10-1807a799ecac.zip" date="2026-01-28T21:54:35.173" /><!-- duration: 4ms -->
    </step><!-- duration: 61ms -->
    <step title="Start deployment in the background" date="2026-01-28T21:54:35.243" >
      <step title="Acquiring Deployment Lock" date="2026-01-28T21:54:35.261" /><!-- duration: 5ms -->
      <step title="Acquired Deployment Lock" date="2026-01-28T21:54:35.317" /><!-- duration: 4ms -->
    </step><!-- duration: 216ms -->
  </step><!-- duration: 335ms -->
  <step title="Outgoing response" date="2026-01-28T21:54:35.471" type="response" statusCode="202" statusText="Accepted" /><!-- duration: 3ms -->
</step><!-- duration: 518ms -->
