<step title="Incoming Request" date="2026-01-28T21:36:48.371" instance="58ab58" url="/api/zipdeploy?isAsync=true" method="POST" type="request" pid="831,1,16" Accept="*/*" Host="magicbuswebappnew-duenfjfugfg2b4e6.scm.southeastasia-01.azurewebsites.net" User-Agent="AZURECLI/2.81.0 (MSI)" Accept-Encoding="gzip, deflate" Authorization="Bas..." Cache-Control="no-cache" Content-Type="application/octet-stream" Content-Length="1791025" x-ms-client-request-id="705ba981-fc91-11f0-903c-6045bdaab496" x-ms-artifact-checksum="371dfd4ad21586e4f387054906715332f08c51af56bf59d70ac11ca73c37c6d8" X-ARR-LOG-ID="705ba981-fc91-11f0-903c-6045bdaab496" CLIENT-IP="74.225.176.69:3552" X-SITE-DEPLOYMENT-ID="magicBusWebAppNew" WAS-DEFAULT-HOSTNAME="magicbuswebappnew-duenfjfugfg2b4e6.scm.southeastasia-01.azurewebsites.net" X-Forwarded-Proto="https" X-AppService-Proto="https" X-Forwarded-TlsVersion="1.3" X-WAWS-Unencoded-URL="/api/zipdeploy?isAsync=true" X-Client-IP="74.225.176.69" X-Client-Port="3552" >
  <step title="Cleanup Xml Logs" date="2026-01-28T21:36:48.374" /><!-- duration: 6ms -->
  <step title="ZipPushDeploy" date="2026-01-28T21:36:48.411" >
    <step title="ZipDeploy. Extract zip." date="2026-01-28T21:36:48.418" /><!-- duration: 3ms -->
    <step title="None repository commit" date="2026-01-28T21:36:48.426" >
      <step title="Commit id: 5d6a3dcb-a31a-49d1-ab1b-ae5b36376568" date="2026-01-28T21:36:48.430" Message="N/A" AuthorName="N/A" AuthorEmail="N/A" /><!-- duration: 3ms -->
    </step><!-- duration: 10ms -->
    <step title="Starting PushDeployAsync" date="2026-01-28T21:36:48.439" /><!-- duration: 4ms -->
    <step title="Writing artifact to /tmp/zipdeploy/42e5a143-0c25-490b-a877-0ff4634b697a.zip" date="2026-01-28T21:36:48.455" >
      <step title="Writing multipart request body to /tmp/zipdeploy/42e5a143-0c25-490b-a877-0ff4634b697a.zip" date="2026-01-28T21:36:48.459" /><!-- duration: 4ms -->
    </step><!-- duration: 190ms -->
    <step title="Start deployment in the background" date="2026-01-28T21:36:48.654" >
      <step title="Acquiring Deployment Lock" date="2026-01-28T21:36:48.676" /><!-- duration: 3ms -->
      <step title="Acquired Deployment Lock" date="2026-01-28T21:36:48.725" /><!-- duration: 17ms -->
    </step><!-- duration: 182ms -->
  </step><!-- duration: 430ms -->
  <step title="Outgoing response" date="2026-01-28T21:36:48.847" type="response" statusCode="202" statusText="Accepted" /><!-- duration: 3ms -->
</step><!-- duration: 483ms -->
