﻿<?xml version="1.0" encoding="utf-8"?>
<deployment>
  <id>ef588e9d-c5e9-4abd-a87c-81e3fe6d113d</id>
  <author>N/A</author>
  <deployer>Push-Deployer</deployer>
  <authorEmail>N/A</authorEmail>
  <message>Created via a push deployment</message>
  <progress></progress>
  <status>Failed</status>
  <statusText></statusText>
  <lastSuccessEndTime />
  <receivedTime>2026-01-28T22:31:15.298605Z</receivedTime>
  <startTime>2026-01-28T22:31:16.6516335Z</startTime>
  <endTime>2026-01-28T22:31:20.076867Z</endTime>
  <complete>True</complete>
  <is_temp>False</is_temp>
  <is_readonly>True</is_readonly>
  <buildSummary />
</deployment>