<step title="Incoming Request" date="2026-01-28T20:33:18.941" instance="58ab58" url="/api/zipdeploy?isAsync=true" method="POST" type="request" pid="851,1,3" Accept="*/*" Host="magicbuswebapp-aufbczgheaaqb0g5.scm.southeastasia-01.azurewebsites.net" User-Agent="AZURECLI/2.81.0 (MSI)" Accept-Encoding="gzip, deflate" Authorization="Bea..." Cache-Control="no-cache" Content-Type="application/octet-stream" Content-Length="1833666" x-ms-client-request-id="90e3a2c9-fc88-11f0-9366-6045bdaab496" x-ms-artifact-checksum="ae09a6ce054a0ec901aa7863325a5860faaaae5df5d82246f2df544a852eabfd" X-ARR-LOG-ID="90e3a2c9-fc88-11f0-9366-6045bdaab496" CLIENT-IP="74.225.176.69:4224" X-SITE-DEPLOYMENT-ID="magicBusWebApp" WAS-DEFAULT-HOSTNAME="magicbuswebapp-aufbczgheaaqb0g5.scm.southeastasia-01.azurewebsites.net" X-Forwarded-Proto="https" X-AppService-Proto="https" X-Forwarded-TlsVersion="1.3" X-WAWS-Unencoded-URL="/api/zipdeploy?isAsync=true" X-Client-IP="74.225.176.69" X-Client-Port="4224" >
  <step title="Cleanup Xml Logs" date="2026-01-28T20:33:18.954" /><!-- duration: 6ms -->
  <step title="ZipPushDeploy" date="2026-01-28T20:33:18.982" >
    <step title="ZipDeploy. Extract zip. Remote build." date="2026-01-28T20:33:18.988" /><!-- duration: 3ms -->
    <step title="None repository commit" date="2026-01-28T20:33:18.997" >
      <step title="Commit id: 5a1e599f-5c9b-4d4f-80f9-6e503e02280c" date="2026-01-28T20:33:19.000" Message="N/A" AuthorName="N/A" AuthorEmail="N/A" /><!-- duration: 3ms -->
    </step><!-- duration: 9ms -->
    <step title="Starting PushDeployAsync" date="2026-01-28T20:33:19.008" /><!-- duration: 3ms -->
    <step title="Writing artifact to /tmp/zipdeploy/84fe4f2c-2acf-4df1-8b81-7c7f19c8090d.zip" date="2026-01-28T20:33:19.022" >
      <step title="Writing multipart request body to /tmp/zipdeploy/84fe4f2c-2acf-4df1-8b81-7c7f19c8090d.zip" date="2026-01-28T20:33:19.026" /><!-- duration: 3ms -->
    </step><!-- duration: 42ms -->
    <step title="Start deployment in the background" date="2026-01-28T20:33:19.072" >
      <step title="Acquiring Deployment Lock" date="2026-01-28T20:33:19.085" /><!-- duration: 3ms -->
      <step title="Acquired Deployment Lock" date="2026-01-28T20:33:19.116" /><!-- duration: 3ms -->
    </step><!-- duration: 111ms -->
  </step><!-- duration: 206ms -->
  <step title="Outgoing response" date="2026-01-28T20:33:19.197" type="response" statusCode="202" statusText="Accepted" /><!-- duration: 3ms -->
</step><!-- duration: 261ms -->
