<step title="Incoming Request" date="2026-01-28T21:07:14.803" instance="58ab58" url="/api/zipdeploy?isAsync=true" method="POST" type="request" pid="851,1,17" Accept="*/*" Host="magicbuswebapp-aufbczgheaaqb0g5.scm.southeastasia-01.azurewebsites.net" User-Agent="AZURECLI/2.81.0 (MSI)" Accept-Encoding="gzip, deflate" Authorization="Bea..." Cache-Control="no-cache" Content-Type="application/octet-stream" Content-Length="1790435" x-ms-client-request-id="4dda0e61-fc8d-11f0-861d-6045bdaab496" x-ms-artifact-checksum="23abb008552a1f05778f11b5bda06538fa42ca897711b71570bd7cbd17c4b832" X-ARR-LOG-ID="4dda0e61-fc8d-11f0-861d-6045bdaab496" CLIENT-IP="74.225.176.69:4069" X-SITE-DEPLOYMENT-ID="magicBusWebApp" WAS-DEFAULT-HOSTNAME="magicbuswebapp-aufbczgheaaqb0g5.scm.southeastasia-01.azurewebsites.net" X-Forwarded-Proto="https" X-AppService-Proto="https" X-Forwarded-TlsVersion="1.3" X-WAWS-Unencoded-URL="/api/zipdeploy?isAsync=true" X-Client-IP="74.225.176.69" X-Client-Port="4069" >
  <step title="Cleanup Xml Logs" date="2026-01-28T21:07:14.805" /><!-- duration: 6ms -->
  <step title="ZipPushDeploy" date="2026-01-28T21:07:14.832" >
    <step title="ZipDeploy. Extract zip." date="2026-01-28T21:07:14.837" /><!-- duration: 3ms -->
    <step title="None repository commit" date="2026-01-28T21:07:14.845" >
      <step title="Commit id: d0588d6f-1e3f-4da6-be23-1b35024831d9" date="2026-01-28T21:07:14.849" Message="N/A" AuthorName="N/A" AuthorEmail="N/A" /><!-- duration: 3ms -->
    </step><!-- duration: 9ms -->
    <step title="Starting PushDeployAsync" date="2026-01-28T21:07:14.857" /><!-- duration: 3ms -->
    <step title="Writing artifact to /tmp/zipdeploy/d5e37ee4-d27b-43f6-8386-2287bcd3dedc.zip" date="2026-01-28T21:07:14.871" >
      <step title="Writing multipart request body to /tmp/zipdeploy/d5e37ee4-d27b-43f6-8386-2287bcd3dedc.zip" date="2026-01-28T21:07:14.874" /><!-- duration: 3ms -->
    </step><!-- duration: 37ms -->
    <step title="Start deployment in the background" date="2026-01-28T21:07:14.915" >
      <step title="Acquiring Deployment Lock" date="2026-01-28T21:07:14.926" /><!-- duration: 3ms -->
      <step title="Acquired Deployment Lock" date="2026-01-28T21:07:14.993" /><!-- duration: 3ms -->
    </step><!-- duration: 137ms -->
  </step><!-- duration: 228ms -->
  <step title="Outgoing response" date="2026-01-28T21:07:15.067" type="response" statusCode="202" statusText="Accepted" /><!-- duration: 3ms -->
</step><!-- duration: 270ms -->
