<step title="Incoming Request" date="2026-01-28T20:19:04.694" instance="58ab58" url="/api/zipdeploy?isAsync=true" method="POST" type="request" pid="851,1,5" Accept="*/*" Host="magicbuswebapp-aufbczgheaaqb0g5.scm.southeastasia-01.azurewebsites.net" User-Agent="AZURECLI/2.81.0 (MSI)" Accept-Encoding="gzip, deflate" Authorization="Bea..." Cache-Control="no-cache" Content-Type="application/octet-stream" Content-Length="1232" x-ms-client-request-id="954fadab-fc86-11f0-b95e-6045bdaab496" x-ms-artifact-checksum="3e7977dd447ef1dbe60f10cc771e73d59f99c0f7ac31bfb3d825455082bdd273" X-ARR-LOG-ID="954fadab-fc86-11f0-b95e-6045bdaab496" CLIENT-IP="74.225.176.69:4231" X-SITE-DEPLOYMENT-ID="magicBusWebApp" WAS-DEFAULT-HOSTNAME="magicbuswebapp-aufbczgheaaqb0g5.scm.southeastasia-01.azurewebsites.net" X-Forwarded-Proto="https" X-AppService-Proto="https" X-Forwarded-TlsVersion="1.3" X-WAWS-Unencoded-URL="/api/zipdeploy?isAsync=true" X-Client-IP="74.225.176.69" X-Client-Port="4231" >
  <step title="Cleanup Xml Logs" date="2026-01-28T20:19:04.696" /><!-- duration: 5ms -->
  <step title="ZipPushDeploy" date="2026-01-28T20:19:04.719" >
    <step title="ZipDeploy. Extract zip." date="2026-01-28T20:19:04.726" /><!-- duration: 3ms -->
    <step title="None repository commit" date="2026-01-28T20:19:04.734" >
      <step title="Commit id: 102de906-16e6-45bb-986c-56415b407543" date="2026-01-28T20:19:04.738" Message="N/A" AuthorName="N/A" AuthorEmail="N/A" /><!-- duration: 3ms -->
    </step><!-- duration: 9ms -->
    <step title="Starting PushDeployAsync" date="2026-01-28T20:19:04.747" /><!-- duration: 3ms -->
    <step title="Writing artifact to /tmp/zipdeploy/c9ba0990-8c98-48f7-92d1-076635335415.zip" date="2026-01-28T20:19:04.761" >
      <step title="Writing multipart request body to /tmp/zipdeploy/c9ba0990-8c98-48f7-92d1-076635335415.zip" date="2026-01-28T20:19:04.764" /><!-- duration: 3ms -->
    </step><!-- duration: 13ms -->
    <step title="Start deployment in the background" date="2026-01-28T20:19:04.782" >
      <step title="Acquiring Deployment Lock" date="2026-01-28T20:19:04.794" /><!-- duration: 3ms -->
      <step title="Acquired Deployment Lock" date="2026-01-28T20:19:04.841" /><!-- duration: 3ms -->
    </step><!-- duration: 116ms -->
  </step><!-- duration: 184ms -->
  <step title="Outgoing response" date="2026-01-28T20:19:04.910" type="response" statusCode="202" statusText="Accepted" /><!-- duration: 3ms -->
</step><!-- duration: 222ms -->
