<step title="Incoming Request" date="2026-01-28T20:07:53.425" instance="58ab58" url="/api/publish?type=zip" method="POST" type="request" pid="852,1,38" Accept="*/*" Host="magicbuswebapp-aufbczgheaaqb0g5.scm.southeastasia-01.azurewebsites.net" User-Agent="AZURECLI/2.81.0 (MSI)" Accept-Encoding="gzip, deflate" Authorization="Bea..." Cache-Control="no-cache" Content-Type="application/octet-stream" Cookie="ARRAffinity=58ab58d9b799667ae93882d8a78aa80724c222b50caff2921a4976f46e05279d; ARRAffinitySameSite=58ab58d9b799667ae93882d8a78aa80724c222b50caff2921a4976f46e05279d" Content-Length="1232" x-ms-client-request-id="0339fd8e-fc85-11f0-9b91-6045bdaab496" x-ms-artifact-checksum="3e7977dd447ef1dbe60f10cc771e73d59f99c0f7ac31bfb3d825455082bdd273" X-ARR-LOG-ID="0339fd8e-fc85-11f0-9b91-6045bdaab496" CLIENT-IP="74.225.176.69:4244" X-SITE-DEPLOYMENT-ID="magicBusWebApp" WAS-DEFAULT-HOSTNAME="magicbuswebapp-aufbczgheaaqb0g5.scm.southeastasia-01.azurewebsites.net" X-Forwarded-Proto="https" X-AppService-Proto="https" X-Forwarded-TlsVersion="1.3" X-WAWS-Unencoded-URL="/api/publish?type=zip" X-Client-IP="74.225.176.69" X-Client-Port="4244" >
  <step title="OneDeploy" date="2026-01-28T20:07:53.441" >
    <step title="Starting PushDeployAsync" date="2026-01-28T20:07:53.447" /><!-- duration: 4ms -->
    <step title="Writing artifact to /tmp/zipdeploy/60c35009-732d-4de0-936b-ce6b42004f64.zip" date="2026-01-28T20:07:53.458" >
      <step title="Writing multipart request body to /tmp/zipdeploy/60c35009-732d-4de0-936b-ce6b42004f64.zip" date="2026-01-28T20:07:53.460" /><!-- duration: 3ms -->
    </step><!-- duration: 9ms -->
    <step title="Attempting to fetch target branch HEAD" date="2026-01-28T20:07:53.474" /><!-- duration: 3ms -->
    <step title="Acquiring Deployment Lock" date="2026-01-28T20:07:53.480" /><!-- duration: 12ms -->
    <step title="Acquired Deployment Lock" date="2026-01-28T20:07:53.521" /><!-- duration: 3ms -->
    <step title="Performing fetch based deployment" date="2026-01-28T20:07:53.530" >
      <step title="Creating temporary deployment" date="2026-01-28T20:07:53.533" /><!-- duration: 36ms -->
      <step title="Releasing Deployment Lock" date="2026-01-28T20:07:54.707" /><!-- duration: 10ms -->
      <step title="Cleaning up temp folders from previous zip deployments and extracting pushed zip file /tmp/zipdeploy/60c35009-732d-4de0-936b-ce6b42004f64.zip (0.00 MB) to /tmp/zipdeploy/extracted" date="2026-01-28T20:07:54.739" >
        <step title="ChmodRecursive Process exited with total time taken in ms: 10" date="2026-01-28T20:07:54.758" /><!-- duration: 3ms -->
      </step><!-- duration: 25ms -->
      <step title="None repository commit" date="2026-01-28T20:07:54.767" >
        <step title="Commit id: 61a01d6e-0b99-4092-ac96-7017815c3f8a" date="2026-01-28T20:07:54.770" Message="OneDeploy" AuthorName="N/A" AuthorEmail="N/A" /><!-- duration: 3ms -->
      </step><!-- duration: 8ms -->
      <step title="Deployment timer started" date="2026-01-28T20:07:56.779" >
        <step title="DeploymentManager.Deploy(id:61a01d6e-0b99-4092-ac96-7017815c3f8a)" date="2026-01-28T20:07:56.784" >
          <step title="Collecting changeset information" date="2026-01-28T20:07:56.801" /><!-- duration: 67ms -->
          <step title="Updating submodules" date="2026-01-28T20:07:56.873" /><!-- duration: 1107ms -->
          <step title="Determining deployment builder" date="2026-01-28T20:07:58.171" >
            <step title="Builder is CustomBuilder" date="2026-01-28T20:07:58.176" /><!-- duration: 4ms -->
          </step><!-- duration: 12ms -->
          <step title="PreDeployment: context.CleanOutputPath False" date="2026-01-28T20:07:58.222" >
            <step title="PreDeployment: context.OutputPath /home/site/wwwroot" date="2026-01-28T20:07:58.326" >
              <step title="Building" date="2026-01-28T20:07:58.457" >
                <step title="Executing external process" date="2026-01-28T20:07:58.854" type="process" path="starter.sh" arguments="npm run build:prod" >
                  <step title="Process dump" date="2026-01-28T20:07:59.534" exitCode="254" type="processOutput" /><!-- duration: 4ms -->
                </step><!-- duration: 690ms -->
                <step title="Error occurred" date="2026-01-28T20:07:59.555" type="error" text="npm error code ENOENT
npm error syscall open
npm error path /package.json
npm error errno -2
npm error enoent Could not read package.json: Error: ENOENT: no such file or directory, open &apos;/package.json&apos;
npm error enoent This is related to npm not being able to find a file.
npm error enoent
npm error A complete log of this run can be found in: /home/.npm/_logs/2026-01-28T20_07_59_017Z-debug-0.log
/opt/Kudu/Scripts/starter.sh npm run build:prod" stackTrace="   at Kudu.Core.Infrastructure.Executable.ExecuteInternal(ITracer tracer, Func`2 onWriteOutput, Func`2 onWriteError, CancellationToken token, Encoding encoding, String arguments, Object[] args) in /tmp/KuduLite/Kudu.Core/Infrastructure/Executable.cs:line 239
   at Kudu.Core.Infrastructure.Executable.ExecuteWithProgressWriter(ILogger logger, ITracer tracer, CancellationToken token, String arguments, Object[] args) in /tmp/KuduLite/Kudu.Core/Infrastructure/Executable.cs:line 118
   at Kudu.Core.Deployment.Generator.ExternalCommandBuilder.RunCommand(DeploymentContext context, String command, Boolean ignoreManifest, CancellationToken token, String message) in /tmp/KuduLite/Kudu.Core/Deployment/Generator/ExternalCommandBuilder.cs:line 122" /><!-- duration: 3ms -->
                <step title="Error occurred" date="2026-01-28T20:07:59.568" type="error" text="npm error code ENOENT
npm error syscall open
npm error path /package.json
npm error errno -2
npm error enoent Could not read package.json: Error: ENOENT: no such file or directory, open &apos;/package.json&apos;
npm error enoent This is related to npm not being able to find a file.
npm error enoent
npm error A complete log of this run can be found in: /home/.npm/_logs/2026-01-28T20_07_59_017Z-debug-0.log
/opt/Kudu/Scripts/starter.sh npm run build:prod" stackTrace="   at Kudu.Core.Infrastructure.Executable.ExecuteInternal(ITracer tracer, Func`2 onWriteOutput, Func`2 onWriteError, CancellationToken token, Encoding encoding, String arguments, Object[] args) in /tmp/KuduLite/Kudu.Core/Infrastructure/Executable.cs:line 239
   at Kudu.Core.Infrastructure.Executable.ExecuteWithProgressWriter(ILogger logger, ITracer tracer, CancellationToken token, String arguments, Object[] args) in /tmp/KuduLite/Kudu.Core/Infrastructure/Executable.cs:line 118
   at Kudu.Core.Deployment.Generator.ExternalCommandBuilder.RunCommand(DeploymentContext context, String command, Boolean ignoreManifest, CancellationToken token, String message) in /tmp/KuduLite/Kudu.Core/Deployment/Generator/ExternalCommandBuilder.cs:line 122
   at Kudu.Core.Deployment.Generator.CustomBuilder.Build(DeploymentContext context, CancellationToken token) in /tmp/KuduLite/Kudu.Core/Deployment/Generator/CustomBuilder.cs:line 53
--- End of stack trace from previous location ---
   at Kudu.Core.Deployment.DeploymentManager.Build(ChangeSet changeSet, ITracer tracer, IDisposable deployStep, IRepository repository, DeploymentInfoBase deploymentInfo, DeploymentAnalytics deploymentAnalytics, Boolean fullBuildByDefault, CancellationToken cancellationToken) in /tmp/KuduLite/Kudu.Core/Deployment/DeploymentManager.cs:line 771" /><!-- duration: 3ms -->
                <step title="Purge deployment items" date="2026-01-28T20:07:59.840" >
                  <step title="Remove 95b91373-, Failed, received at 01/28/2026 20:07:05" date="2026-01-28T20:07:59.890" /><!-- duration: 3ms -->
                </step><!-- duration: 56ms -->
              </step><!-- duration: 1441ms -->
            </step><!-- duration: 1577ms -->
            <step title="Error occurred" date="2026-01-28T20:07:59.906" type="error" text="npm error code ENOENT
npm error syscall open
npm error path /package.json
npm error errno -2
npm error enoent Could not read package.json: Error: ENOENT: no such file or directory, open &apos;/package.json&apos;
npm error enoent This is related to npm not being able to find a file.
npm error enoent
npm error A complete log of this run can be found in: /home/.npm/_logs/2026-01-28T20_07_59_017Z-debug-0.log
/opt/Kudu/Scripts/starter.sh npm run build:prod" stackTrace="   at Kudu.Core.Infrastructure.Executable.ExecuteInternal(ITracer tracer, Func`2 onWriteOutput, Func`2 onWriteError, CancellationToken token, Encoding encoding, String arguments, Object[] args) in /tmp/KuduLite/Kudu.Core/Infrastructure/Executable.cs:line 239
   at Kudu.Core.Infrastructure.Executable.ExecuteWithProgressWriter(ILogger logger, ITracer tracer, CancellationToken token, String arguments, Object[] args) in /tmp/KuduLite/Kudu.Core/Infrastructure/Executable.cs:line 118
   at Kudu.Core.Deployment.Generator.ExternalCommandBuilder.RunCommand(DeploymentContext context, String command, Boolean ignoreManifest, CancellationToken token, String message) in /tmp/KuduLite/Kudu.Core/Deployment/Generator/ExternalCommandBuilder.cs:line 122
   at Kudu.Core.Deployment.Generator.CustomBuilder.Build(DeploymentContext context, CancellationToken token) in /tmp/KuduLite/Kudu.Core/Deployment/Generator/CustomBuilder.cs:line 53
--- End of stack trace from previous location ---
   at Kudu.Core.Deployment.DeploymentManager.Build(ChangeSet changeSet, ITracer tracer, IDisposable deployStep, IRepository repository, DeploymentInfoBase deploymentInfo, DeploymentAnalytics deploymentAnalytics, Boolean fullBuildByDefault, CancellationToken cancellationToken) in /tmp/KuduLite/Kudu.Core/Deployment/DeploymentManager.cs:line 771
   at Kudu.Core.Deployment.DeploymentManager.Build(ChangeSet changeSet, ITracer tracer, IDisposable deployStep, IRepository repository, DeploymentInfoBase deploymentInfo, DeploymentAnalytics deploymentAnalytics, Boolean fullBuildByDefault, CancellationToken cancellationToken) in /tmp/KuduLite/Kudu.Core/Deployment/DeploymentManager.cs:line 840" /><!-- duration: 3ms -->
            <step title="Cleaning up temp files" date="2026-01-28T20:07:59.965" /><!-- duration: 3ms -->
            <step title="Cleaning up temp files" date="2026-01-28T20:07:59.971" /><!-- duration: 503ms -->
            <step title="Error occurred" date="2026-01-28T20:08:00.506" type="error" text="npm error code ENOENT
npm error syscall open
npm error path /package.json
npm error errno -2
npm error enoent Could not read package.json: Error: ENOENT: no such file or directory, open &apos;/package.json&apos;
npm error enoent This is related to npm not being able to find a file.
npm error enoent
npm error A complete log of this run can be found in: /home/.npm/_logs/2026-01-28T20_07_59_017Z-debug-0.log
/opt/Kudu/Scripts/starter.sh npm run build:prod" stackTrace="   at Kudu.Core.Infrastructure.Executable.ExecuteInternal(ITracer tracer, Func`2 onWriteOutput, Func`2 onWriteError, CancellationToken token, Encoding encoding, String arguments, Object[] args) in /tmp/KuduLite/Kudu.Core/Infrastructure/Executable.cs:line 239
   at Kudu.Core.Infrastructure.Executable.ExecuteWithProgressWriter(ILogger logger, ITracer tracer, CancellationToken token, String arguments, Object[] args) in /tmp/KuduLite/Kudu.Core/Infrastructure/Executable.cs:line 118
   at Kudu.Core.Deployment.Generator.ExternalCommandBuilder.RunCommand(DeploymentContext context, String command, Boolean ignoreManifest, CancellationToken token, String message) in /tmp/KuduLite/Kudu.Core/Deployment/Generator/ExternalCommandBuilder.cs:line 122
   at Kudu.Core.Deployment.Generator.CustomBuilder.Build(DeploymentContext context, CancellationToken token) in /tmp/KuduLite/Kudu.Core/Deployment/Generator/CustomBuilder.cs:line 53
--- End of stack trace from previous location ---
   at Kudu.Core.Deployment.DeploymentManager.Build(ChangeSet changeSet, ITracer tracer, IDisposable deployStep, IRepository repository, DeploymentInfoBase deploymentInfo, DeploymentAnalytics deploymentAnalytics, Boolean fullBuildByDefault, CancellationToken cancellationToken) in /tmp/KuduLite/Kudu.Core/Deployment/DeploymentManager.cs:line 771
   at Kudu.Core.Deployment.DeploymentManager.Build(ChangeSet changeSet, ITracer tracer, IDisposable deployStep, IRepository repository, DeploymentInfoBase deploymentInfo, DeploymentAnalytics deploymentAnalytics, Boolean fullBuildByDefault, CancellationToken cancellationToken) in /tmp/KuduLite/Kudu.Core/Deployment/DeploymentManager.cs:line 840
   at Kudu.Core.Deployment.DeploymentManager.DeployAsync(IRepository repository, ChangeSet changeSet, String deployer, Boolean clean, DeploymentInfoBase deploymentInfo, Boolean needFileUpdate, Boolean fullBuildByDefault) in /tmp/KuduLite/Kudu.Core/Deployment/DeploymentManager.cs:line 266" /><!-- duration: 3ms -->
          </step><!-- duration: 2294ms -->
          <step title="Reloading status file with latest updates" date="2026-01-28T20:08:00.555" >
            <step title="WebHooksManager.PublishEventAsync: PostDeployment" date="2026-01-28T20:08:00.559" /><!-- duration: 19ms -->
          </step><!-- duration: 25ms -->
          <step title="Error occurred" date="2026-01-28T20:08:00.584" type="error" text="npm error code ENOENT
npm error syscall open
npm error path /package.json
npm error errno -2
npm error enoent Could not read package.json: Error: ENOENT: no such file or directory, open &apos;/package.json&apos;
npm error enoent This is related to npm not being able to find a file.
npm error enoent
npm error A complete log of this run can be found in: /home/.npm/_logs/2026-01-28T20_07_59_017Z-debug-0.log
/opt/Kudu/Scripts/starter.sh npm run build:prod" stackTrace="   at Kudu.Core.Infrastructure.Executable.ExecuteInternal(ITracer tracer, Func`2 onWriteOutput, Func`2 onWriteError, CancellationToken token, Encoding encoding, String arguments, Object[] args) in /tmp/KuduLite/Kudu.Core/Infrastructure/Executable.cs:line 239
   at Kudu.Core.Infrastructure.Executable.ExecuteWithProgressWriter(ILogger logger, ITracer tracer, CancellationToken token, String arguments, Object[] args) in /tmp/KuduLite/Kudu.Core/Infrastructure/Executable.cs:line 118
   at Kudu.Core.Deployment.Generator.ExternalCommandBuilder.RunCommand(DeploymentContext context, String command, Boolean ignoreManifest, CancellationToken token, String message) in /tmp/KuduLite/Kudu.Core/Deployment/Generator/ExternalCommandBuilder.cs:line 122
   at Kudu.Core.Deployment.Generator.CustomBuilder.Build(DeploymentContext context, CancellationToken token) in /tmp/KuduLite/Kudu.Core/Deployment/Generator/CustomBuilder.cs:line 53
--- End of stack trace from previous location ---
   at Kudu.Core.Deployment.DeploymentManager.Build(ChangeSet changeSet, ITracer tracer, IDisposable deployStep, IRepository repository, DeploymentInfoBase deploymentInfo, DeploymentAnalytics deploymentAnalytics, Boolean fullBuildByDefault, CancellationToken cancellationToken) in /tmp/KuduLite/Kudu.Core/Deployment/DeploymentManager.cs:line 771
   at Kudu.Core.Deployment.DeploymentManager.Build(ChangeSet changeSet, ITracer tracer, IDisposable deployStep, IRepository repository, DeploymentInfoBase deploymentInfo, DeploymentAnalytics deploymentAnalytics, Boolean fullBuildByDefault, CancellationToken cancellationToken) in /tmp/KuduLite/Kudu.Core/Deployment/DeploymentManager.cs:line 840
   at Kudu.Core.Deployment.DeploymentManager.DeployAsync(IRepository repository, ChangeSet changeSet, String deployer, Boolean clean, DeploymentInfoBase deploymentInfo, Boolean needFileUpdate, Boolean fullBuildByDefault) in /tmp/KuduLite/Kudu.Core/Deployment/DeploymentManager.cs:line 266" /><!-- duration: 3ms -->
          <step title="Marking deployment as failed and cleaning up the temp deployment" date="2026-01-28T20:08:00.634" /><!-- duration: 3ms -->
        </step><!-- duration: 3964ms -->
      </step><!-- duration: 3974ms -->
      <step title="Error occurred" date="2026-01-28T20:08:00.758" type="error" text="Deployment failed" stackTrace="   at Kudu.Core.Deployment.DeploymentManager.DeployAsync(IRepository repository, ChangeSet changeSet, String deployer, Boolean clean, DeploymentInfoBase deploymentInfo, Boolean needFileUpdate, Boolean fullBuildByDefault) in /tmp/KuduLite/Kudu.Core/Deployment/DeploymentManager.cs:line 307
   at Kudu.Core.Deployment.FetchDeploymentManager.PerformDeployment(DeploymentInfoBase deploymentInfo, IDisposable tempDeployment, ChangeSet tempChangeSet, DeployStatusApiResult updateStatusObj) in /tmp/KuduLite/Kudu.Core/Deployment/FetchDeploymentManager.cs:line 230
   at Kudu.Core.Deployment.FetchDeploymentManager.&lt;&gt;c__DisplayClass17_0.&lt;&lt;FetchDeploy&gt;b__0&gt;d.MoveNext() in /tmp/KuduLite/Kudu.Core/Deployment/FetchDeploymentManager.cs:line 131
--- End of stack trace from previous location ---
   at Kudu.Core.Deployment.FetchDeploymentManager.FetchDeploy(DeploymentInfoBase deployInfo, Boolean asyncRequested, Uri requestUri, String targetBranch) in /tmp/KuduLite/Kudu.Core/Deployment/FetchDeploymentManager.cs:line 124
   at Kudu.Services.Deployment.PushDeploymentController.PushDeployAsync(ArtifactDeploymentInfo deploymentInfo, Boolean isAsync, HttpContext context, JObject requestJson) in /tmp/KuduLite/Kudu.Services/Deployment/PushDeploymentController.cs:line 802
   at Kudu.Services.Deployment.PushDeploymentController.OneDeploy(String type, Boolean async, String path, Nullable`1 restart, Nullable`1 clean, Boolean ignoreStack, Boolean trackDeploymentProgress, Boolean trackStatus, Boolean reset) in /tmp/KuduLite/Kudu.Services/Deployment/PushDeploymentController.cs:line 624
   at Microsoft.AspNetCore.Mvc.Infrastructure.ActionMethodExecutor.TaskOfIActionResultExecutor.Execute(ActionContext actionContext, IActionResultTypeMapper mapper, ObjectMethodExecutor executor, Object controller, Object[] arguments)
   at Microsoft.AspNetCore.Mvc.Infrastructure.ControllerActionInvoker.&lt;InvokeActionMethodAsync&gt;g__Awaited|12_0(ControllerActionInvoker invoker, ValueTask`1 actionResultValueTask)
   at Microsoft.AspNetCore.Mvc.Infrastructure.ControllerActionInvoker.&lt;InvokeNextActionFilterAsync&gt;g__Awaited|10_0(ControllerActionInvoker invoker, Task lastTask, State next, Scope scope, Object state, Boolean isCompleted)
   at Microsoft.AspNetCore.Mvc.Infrastructure.ControllerActionInvoker.Rethrow(ActionExecutedContextSealed context)
   at Microsoft.AspNetCore.Mvc.Infrastructure.ControllerActionInvoker.Next(State&amp; next, Scope&amp; scope, Object&amp; state, Boolean&amp; isCompleted)
   at Microsoft.AspNetCore.Mvc.Infrastructure.ControllerActionInvoker.&lt;InvokeInnerFilterAsync&gt;g__Awaited|13_0(ControllerActionInvoker invoker, Task lastTask, State next, Scope scope, Object state, Boolean isCompleted)
   at Microsoft.AspNetCore.Mvc.Infrastructure.ResourceInvoker.&lt;InvokeNextResourceFilter&gt;g__Awaited|25_0(ResourceInvoker invoker, Task lastTask, State next, Scope scope, Object state, Boolean isCompleted)
   at Microsoft.AspNetCore.Mvc.Infrastructure.ResourceInvoker.Rethrow(ResourceExecutedContextSealed context)
   at Microsoft.AspNetCore.Mvc.Infrastructure.ResourceInvoker.Next(State&amp; next, Scope&amp; scope, Object&amp; state, Boolean&amp; isCompleted)
   at Microsoft.AspNetCore.Mvc.Infrastructure.ResourceInvoker.&lt;InvokeFilterPipelineAsync&gt;g__Awaited|20_0(ResourceInvoker invoker, Task lastTask, State next, Scope scope, Object state, Boolean isCompleted)
   at Microsoft.AspNetCore.Mvc.Infrastructure.ResourceInvoker.&lt;InvokeAsync&gt;g__Awaited|17_0(ResourceInvoker invoker, Task task, IDisposable scope)
   at Microsoft.AspNetCore.Mvc.Infrastructure.ResourceInvoker.&lt;InvokeAsync&gt;g__Awaited|17_0(ResourceInvoker invoker, Task task, IDisposable scope)
   at Microsoft.AspNetCore.Builder.RouterMiddleware.Invoke(HttpContext httpContext)
   at Kudu.Services.Web.Tracing.TraceMiddleware.Invoke(HttpContext context) in /tmp/KuduLite/Kudu.Services.Web/Tracing/TraceMiddleware.cs:line 101" innerText="npm error code ENOENT
npm error syscall open
npm error path /package.json
npm error errno -2
npm error enoent Could not read package.json: Error: ENOENT: no such file or directory, open &apos;/package.json&apos;
npm error enoent This is related to npm not being able to find a file.
npm error enoent
npm error A complete log of this run can be found in: /home/.npm/_logs/2026-01-28T20_07_59_017Z-debug-0.log
/opt/Kudu/Scripts/starter.sh npm run build:prod" innerStackTrace="   at Kudu.Core.Infrastructure.Executable.ExecuteInternal(ITracer tracer, Func`2 onWriteOutput, Func`2 onWriteError, CancellationToken token, Encoding encoding, String arguments, Object[] args) in /tmp/KuduLite/Kudu.Core/Infrastructure/Executable.cs:line 239
   at Kudu.Core.Infrastructure.Executable.ExecuteWithProgressWriter(ILogger logger, ITracer tracer, CancellationToken token, String arguments, Object[] args) in /tmp/KuduLite/Kudu.Core/Infrastructure/Executable.cs:line 118
   at Kudu.Core.Deployment.Generator.ExternalCommandBuilder.RunCommand(DeploymentContext context, String command, Boolean ignoreManifest, CancellationToken token, String message) in /tmp/KuduLite/Kudu.Core/Deployment/Generator/ExternalCommandBuilder.cs:line 122
   at Kudu.Core.Deployment.Generator.CustomBuilder.Build(DeploymentContext context, CancellationToken token) in /tmp/KuduLite/Kudu.Core/Deployment/Generator/CustomBuilder.cs:line 53
--- End of stack trace from previous location ---
   at Kudu.Core.Deployment.DeploymentManager.Build(ChangeSet changeSet, ITracer tracer, IDisposable deployStep, IRepository repository, DeploymentInfoBase deploymentInfo, DeploymentAnalytics deploymentAnalytics, Boolean fullBuildByDefault, CancellationToken cancellationToken) in /tmp/KuduLite/Kudu.Core/Deployment/DeploymentManager.cs:line 771
   at Kudu.Core.Deployment.DeploymentManager.Build(ChangeSet changeSet, ITracer tracer, IDisposable deployStep, IRepository repository, DeploymentInfoBase deploymentInfo, DeploymentAnalytics deploymentAnalytics, Boolean fullBuildByDefault, CancellationToken cancellationToken) in /tmp/KuduLite/Kudu.Core/Deployment/DeploymentManager.cs:line 840
   at Kudu.Core.Deployment.DeploymentManager.DeployAsync(IRepository repository, ChangeSet changeSet, String deployer, Boolean clean, DeploymentInfoBase deploymentInfo, Boolean needFileUpdate, Boolean fullBuildByDefault) in /tmp/KuduLite/Kudu.Core/Deployment/DeploymentManager.cs:line 266" /><!-- duration: 3ms -->
      <step title="Incoming Request" date="2026-01-28T20:08:00.775" url="/Error?type=zip" method="POST" type="request" pid="852,1,25" Accept="*/*" Host="magicbuswebapp-aufbczgheaaqb0g5.scm.southeastasia-01.azurewebsites.net" User-Agent="AZURECLI/2.81.0 (MSI)" Accept-Encoding="gzip, deflate" Authorization="Bea..." Cache-Control="no-cache" Content-Type="application/octet-stream" Cookie="ARRAffinity=58ab58d9b799667ae93882d8a78aa80724c222b50caff2921a4976f46e05279d; ARRAffinitySameSite=58ab58d9b799667ae93882d8a78aa80724c222b50caff2921a4976f46e05279d" Content-Length="1232" x-ms-client-request-id="0339fd8e-fc85-11f0-9b91-6045bdaab496" x-ms-artifact-checksum="3e7977dd447ef1dbe60f10cc771e73d59f99c0f7ac31bfb3d825455082bdd273" X-ARR-LOG-ID="0339fd8e-fc85-11f0-9b91-6045bdaab496" CLIENT-IP="74.225.176.69:4244" X-SITE-DEPLOYMENT-ID="magicBusWebApp" WAS-DEFAULT-HOSTNAME="magicbuswebapp-aufbczgheaaqb0g5.scm.southeastasia-01.azurewebsites.net" X-Forwarded-Proto="https" X-AppService-Proto="https" X-Forwarded-TlsVersion="1.3" X-WAWS-Unencoded-URL="/api/publish?type=zip" X-Client-IP="74.225.176.69" X-Client-Port="4244" >
        <step title="Outgoing response" date="2026-01-28T20:08:00.782" type="response" statusCode="400" statusText="BadRequest" /><!-- duration: 3ms -->
      </step><!-- duration: 16ms -->
