<step title="Incoming Request" date="2026-01-28T20:05:06.504" instance="58ab58" url="/api/zipdeploy?isAsync=true" method="POST" type="request" pid="852,1,33" Accept="*/*" Host="magicbuswebapp-aufbczgheaaqb0g5.scm.southeastasia-01.azurewebsites.net" User-Agent="AZURECLI/2.81.0 (MSI)" Accept-Encoding="gzip, deflate" Authorization="Bea..." Cache-Control="no-cache" Content-Type="application/octet-stream" Content-Length="1788974" x-ms-client-request-id="9f4b6019-fc84-11f0-9cb3-6045bdaab496" x-ms-artifact-checksum="0aae268f2968fb5c17497a2feaa976586939863b792e3d5ce0f3a011aa65e19b" X-ARR-LOG-ID="9f4b6019-fc84-11f0-9cb3-6045bdaab496" CLIENT-IP="135.235.241.180:6498" X-SITE-DEPLOYMENT-ID="magicBusWebApp" WAS-DEFAULT-HOSTNAME="magicbuswebapp-aufbczgheaaqb0g5.scm.southeastasia-01.azurewebsites.net" X-Forwarded-Proto="https" X-AppService-Proto="https" X-Forwarded-TlsVersion="1.3" X-WAWS-Unencoded-URL="/api/zipdeploy?isAsync=true" X-Client-IP="135.235.241.180" X-Client-Port="6498" >
  <step title="Cleanup Xml Logs" date="2026-01-28T20:05:06.517" /><!-- duration: 5ms -->
  <step title="ZipPushDeploy" date="2026-01-28T20:05:06.556" >
    <step title="ZipDeploy. Extract zip." date="2026-01-28T20:05:06.563" /><!-- duration: 3ms -->
    <step title="None repository commit" date="2026-01-28T20:05:06.571" >
      <step title="Commit id: df8cd84c-ae5e-447d-aefc-759c5992f741" date="2026-01-28T20:05:06.574" Message="N/A" AuthorName="N/A" AuthorEmail="N/A" /><!-- duration: 3ms -->
    </step><!-- duration: 8ms -->
    <step title="Starting PushDeployAsync" date="2026-01-28T20:05:06.582" /><!-- duration: 3ms -->
    <step title="Writing artifact to /tmp/zipdeploy/c43c6d51-62b8-4afa-a545-1c456fe7089a.zip" date="2026-01-28T20:05:06.597" >
      <step title="Writing multipart request body to /tmp/zipdeploy/c43c6d51-62b8-4afa-a545-1c456fe7089a.zip" date="2026-01-28T20:05:06.600" /><!-- duration: 5ms -->
    </step><!-- duration: 32ms -->
    <step title="Start deployment in the background" date="2026-01-28T20:05:06.638" >
      <step title="Acquiring Deployment Lock" date="2026-01-28T20:05:06.649" /><!-- duration: 3ms -->
      <step title="Acquired Deployment Lock" date="2026-01-28T20:05:06.690" /><!-- duration: 3ms -->
    </step><!-- duration: 120ms -->
  </step><!-- duration: 207ms -->
  <step title="Outgoing response" date="2026-01-28T20:05:06.766" type="response" statusCode="202" statusText="Accepted" /><!-- duration: 4ms -->
</step><!-- duration: 269ms -->
