<step title="BackgroundTrace" date="2026-01-28T20:21:50.310" instance="58ab58" url="/api/zipdeploy" method="POST" >
  <step title="Creating temporary deployment - FetchDeploymentManager" date="2026-01-28T20:21:50.347" /><!-- duration: 2ms -->
  <step title="Creating temporary deployment" date="2026-01-28T20:21:50.353" /><!-- duration: 52ms -->
  <step title="Performing fetch based deployment" date="2026-01-28T20:21:50.432" >
    <step title="Cleaning up temp folders from previous zip deployments and extracting pushed zip file /tmp/zipdeploy/d16dce5c-a70a-44ac-a6bb-ab0b33272d1c.zip (0.00 MB) to /tmp/zipdeploy/extracted" date="2026-01-28T20:21:51.553" >
      <step title="ChmodRecursive Process exited with total time taken in ms: 9" date="2026-01-28T20:21:51.580" /><!-- duration: 3ms -->
    </step><!-- duration: 33ms -->
    <step title="Deployment timer started" date="2026-01-28T20:21:53.592" >
      <step title="DeploymentManager.Deploy(id:a8d02016-1b2a-45d5-839c-42678baa73ac)" date="2026-01-28T20:21:53.597" >
        <step title="Collecting changeset information" date="2026-01-28T20:21:53.614" /><!-- duration: 87ms -->
        <step title="Updating submodules" date="2026-01-28T20:21:53.707" /><!-- duration: 1144ms -->
        <step title="Determining deployment builder" date="2026-01-28T20:21:55.026" >
          <step title="Builder is BasicBuilder" date="2026-01-28T20:21:55.034" /><!-- duration: 3ms -->
        </step><!-- duration: 14ms -->
        <step title="PreDeployment: context.CleanOutputPath False" date="2026-01-28T20:21:55.087" >
          <step title="PreDeployment: context.OutputPath /home/site/wwwroot" date="2026-01-28T20:21:55.218" >
            <step title="Building" date="2026-01-28T20:21:55.337" >
              <step title="Executing external process" date="2026-01-28T20:21:55.585" type="process" path="starter.sh" arguments="/opt/Kudu/Scripts/parallel_rsync.sh /tmp/zipdeploy/extracted /home/site/wwwroot 8 /tmp/ False True  " /><!-- duration: 153ms -->
              <step title="Triggering recycle (preview mode disabled)." date="2026-01-28T20:21:55.986" /><!-- duration: 5ms -->
              <step title="Modified file to trigger a restart of the app container." date="2026-01-28T20:21:56.029" /><!-- duration: 3ms -->
              <step title="Skip function trigger and logicapp sync because function is not enabled." date="2026-01-28T20:21:56.037" /><!-- duration: 3ms -->
              <step title="Purge deployment items" date="2026-01-28T20:21:56.678" >
                <step title="Remove 102de906-, Failed, received at 01/28/2026 20:19:08" date="2026-01-28T20:21:56.729" /><!-- duration: 6ms -->
              </step><!-- duration: 70ms -->
            </step><!-- duration: 1482ms -->
          </step><!-- duration: 1608ms -->
          <step title="Cleaning up temp files" date="2026-01-28T20:21:56.828" /><!-- duration: 4ms -->
          <step title="Cleaning up temp files" date="2026-01-28T20:21:56.837" /><!-- duration: 508ms -->
          <step title="Reloading status file with latest updates" date="2026-01-28T20:21:57.379" >
            <step title="WebHooksManager.PublishEventAsync: PostDeployment" date="2026-01-28T20:21:57.485" /><!-- duration: 18ms -->
          </step><!-- duration: 127ms -->
          <step title="Cleaning up temporary deployment - fetch deployment was successful" date="2026-01-28T20:21:57.511" /><!-- duration: 3ms -->
        </step><!-- duration: 2540ms -->
      </step><!-- duration: 4047ms -->
