<step title="Incoming Request" date="2026-01-28T20:36:56.239" instance="58ab58" url="/api/zipdeploy?isAsync=true" method="POST" type="request" pid="851,1,5" Accept="*/*" Host="magicbuswebapp-aufbczgheaaqb0g5.scm.southeastasia-01.azurewebsites.net" User-Agent="AZURECLI/2.81.0 (MSI)" Accept-Encoding="gzip, deflate" Authorization="Bea..." Cache-Control="no-cache" Content-Type="application/octet-stream" Content-Length="1790314" x-ms-client-request-id="1275b297-fc89-11f0-bac4-6045bdaab496" x-ms-artifact-checksum="31354d958eaf3bfbf5ba9540e3ed7a4f462da932152aacee7956168c953942b4" X-ARR-LOG-ID="1275b297-fc89-11f0-bac4-6045bdaab496" CLIENT-IP="135.235.241.180:6478" X-SITE-DEPLOYMENT-ID="magicBusWebApp" WAS-DEFAULT-HOSTNAME="magicbuswebapp-aufbczgheaaqb0g5.scm.southeastasia-01.azurewebsites.net" X-Forwarded-Proto="https" X-AppService-Proto="https" X-Forwarded-TlsVersion="1.3" X-WAWS-Unencoded-URL="/api/zipdeploy?isAsync=true" X-Client-IP="135.235.241.180" X-Client-Port="6478" >
  <step title="ZipPushDeploy" date="2026-01-28T20:36:56.601" >
    <step title="ZipDeploy. Extract zip. Remote build." date="2026-01-28T20:36:56.610" /><!-- duration: 26ms -->
    <step title="None repository commit" date="2026-01-28T20:36:56.647" >
      <step title="Commit id: 5e919423-ffda-4a22-9e99-58abb2c0601b" date="2026-01-28T20:36:56.654" Message="N/A" AuthorName="N/A" AuthorEmail="N/A" /><!-- duration: 4ms -->
    </step><!-- duration: 16ms -->
    <step title="Starting PushDeployAsync" date="2026-01-28T20:36:56.669" /><!-- duration: 5ms -->
    <step title="Writing artifact to /tmp/zipdeploy/ff1094ac-cd49-4aec-b518-cf7191d0bfc6.zip" date="2026-01-28T20:36:56.696" >
      <step title="Writing multipart request body to /tmp/zipdeploy/ff1094ac-cd49-4aec-b518-cf7191d0bfc6.zip" date="2026-01-28T20:36:56.702" /><!-- duration: 8ms -->
    </step><!-- duration: 95ms -->
    <step title="Start deployment in the background" date="2026-01-28T20:36:56.812" >
      <step title="Acquiring Deployment Lock" date="2026-01-28T20:36:56.842" /><!-- duration: 13ms -->
      <step title="Acquired Deployment Lock" date="2026-01-28T20:36:56.918" /><!-- duration: 4ms -->
    </step><!-- duration: 192ms -->
  </step><!-- duration: 421ms -->
  <step title="Outgoing response" date="2026-01-28T20:36:57.042" type="response" statusCode="202" statusText="Accepted" /><!-- duration: 8ms -->
</step><!-- duration: 814ms -->
