<step title="Incoming Request" date="2026-01-28T20:37:58.225" instance="58ab58" url="/api/zipdeploy?isAsync=true" method="POST" type="request" pid="851,1,7" Accept="*/*" Host="magicbuswebapp-aufbczgheaaqb0g5.scm.southeastasia-01.azurewebsites.net" User-Agent="AZURECLI/2.81.0 (MSI)" Accept-Encoding="gzip, deflate" Authorization="Bea..." Cache-Control="no-cache" Content-Type="application/octet-stream" Content-Length="1790314" x-ms-client-request-id="38e9636a-fc89-11f0-95b1-6045bdaab496" x-ms-artifact-checksum="31354d958eaf3bfbf5ba9540e3ed7a4f462da932152aacee7956168c953942b4" X-ARR-LOG-ID="38e9636a-fc89-11f0-95b1-6045bdaab496" CLIENT-IP="135.235.241.180:6478" X-SITE-DEPLOYMENT-ID="magicBusWebApp" WAS-DEFAULT-HOSTNAME="magicbuswebapp-aufbczgheaaqb0g5.scm.southeastasia-01.azurewebsites.net" X-Forwarded-Proto="https" X-AppService-Proto="https" X-Forwarded-TlsVersion="1.3" X-WAWS-Unencoded-URL="/api/zipdeploy?isAsync=true" X-Client-IP="135.235.241.180" X-Client-Port="6478" >
  <step title="ZipPushDeploy" date="2026-01-28T20:37:58.396" >
    <step title="ZipDeploy. Extract zip." date="2026-01-28T20:37:58.401" /><!-- duration: 7ms -->
    <step title="None repository commit" date="2026-01-28T20:37:58.415" >
      <step title="Commit id: 48521bd4-74b4-4a2d-a2ff-2c563787b5b5" date="2026-01-28T20:37:58.441" Message="N/A" AuthorName="N/A" AuthorEmail="N/A" /><!-- duration: 3ms -->
    </step><!-- duration: 33ms -->
    <step title="Starting PushDeployAsync" date="2026-01-28T20:37:58.451" /><!-- duration: 3ms -->
    <step title="Writing artifact to /tmp/zipdeploy/42c9d36e-6e8b-45c5-80f5-ac46193b60f4.zip" date="2026-01-28T20:37:58.464" >
      <step title="Writing multipart request body to /tmp/zipdeploy/42c9d36e-6e8b-45c5-80f5-ac46193b60f4.zip" date="2026-01-28T20:37:58.468" /><!-- duration: 5ms -->
    </step><!-- duration: 74ms -->
    <step title="Start deployment in the background" date="2026-01-28T20:37:58.547" >
      <step title="Acquiring Deployment Lock" date="2026-01-28T20:37:58.558" /><!-- duration: 4ms -->
      <step title="Acquired Deployment Lock" date="2026-01-28T20:37:58.598" /><!-- duration: 3ms -->
    </step><!-- duration: 117ms -->
  </step><!-- duration: 275ms -->
  <step title="Outgoing response" date="2026-01-28T20:37:58.681" type="response" statusCode="202" statusText="Accepted" /><!-- duration: 3ms -->
</step><!-- duration: 462ms -->
