<step title="Incoming Request" date="2026-01-28T20:21:50.243" instance="58ab58" url="/api/zipdeploy?isAsync=true" method="POST" type="request" pid="851,1,24" Accept="*/*" Host="magicbuswebapp-aufbczgheaaqb0g5.scm.southeastasia-01.azurewebsites.net" User-Agent="AZURECLI/2.81.0 (MSI)" Accept-Encoding="gzip, deflate" Authorization="Bea..." Cache-Control="no-cache" Content-Type="application/octet-stream" Content-Length="22" x-ms-client-request-id="f67b3042-fc86-11f0-8239-6045bdaab496" x-ms-artifact-checksum="8739c76e681f900923b900c9df0ef75cf421d39cabb54650c4b9ad19b6a76d85" X-ARR-LOG-ID="f67b3042-fc86-11f0-8239-6045bdaab496" CLIENT-IP="74.225.176.69:4240" X-SITE-DEPLOYMENT-ID="magicBusWebApp" WAS-DEFAULT-HOSTNAME="magicbuswebapp-aufbczgheaaqb0g5.scm.southeastasia-01.azurewebsites.net" X-Forwarded-Proto="https" X-AppService-Proto="https" X-Forwarded-TlsVersion="1.3" X-WAWS-Unencoded-URL="/api/zipdeploy?isAsync=true" X-Client-IP="74.225.176.69" X-Client-Port="4240" >
  <step title="Cleanup Xml Logs" date="2026-01-28T20:21:50.246" /><!-- duration: 6ms -->
  <step title="ZipPushDeploy" date="2026-01-28T20:21:50.261" >
    <step title="ZipDeploy. Extract zip." date="2026-01-28T20:21:50.268" /><!-- duration: 3ms -->
    <step title="Starting PushDeployAsync" date="2026-01-28T20:21:50.275" /><!-- duration: 3ms -->
    <step title="Writing artifact to /tmp/zipdeploy/d16dce5c-a70a-44ac-a6bb-ab0b33272d1c.zip" date="2026-01-28T20:21:50.288" >
      <step title="Writing multipart request body to /tmp/zipdeploy/d16dce5c-a70a-44ac-a6bb-ab0b33272d1c.zip" date="2026-01-28T20:21:50.291" /><!-- duration: 3ms -->
    </step><!-- duration: 10ms -->
    <step title="Start deployment in the background" date="2026-01-28T20:21:50.307" >
      <step title="Acquiring Deployment Lock" date="2026-01-28T20:21:50.316" /><!-- duration: 3ms -->
      <step title="Acquired Deployment Lock" date="2026-01-28T20:21:50.342" /><!-- duration: 3ms -->
    </step><!-- duration: 101ms -->
  </step><!-- duration: 150ms -->
  <step title="Outgoing response" date="2026-01-28T20:21:50.415" type="response" statusCode="202" statusText="Accepted" /><!-- duration: 3ms -->
</step><!-- duration: 178ms -->
