﻿<?xml version="1.0" encoding="utf-8"?>
<deployment>
  <id>fc31c789-9948-4378-ba30-54f731ffcbae</id>
  <author>N/A</author>
  <deployer>Push-Deployer</deployer>
  <authorEmail>N/A</authorEmail>
  <message>Created via a push deployment</message>
  <progress></progress>
  <status>Success</status>
  <statusText></statusText>
  <lastSuccessEndTime>2026-01-28T21:40:41.7331712Z</lastSuccessEndTime>
  <receivedTime>2026-01-28T21:40:38.7362088Z</receivedTime>
  <startTime>2026-01-28T21:40:40.0746102Z</startTime>
  <endTime>2026-01-28T21:40:41.7331712Z</endTime>
  <complete>True</complete>
  <is_temp>False</is_temp>
  <is_readonly>True</is_readonly>
  <buildSummary />
</deployment>