﻿<?xml version="1.0" encoding="utf-8"?>
<deployment>
  <id>5d6a3dcb-a31a-49d1-ab1b-ae5b36376568</id>
  <author>N/A</author>
  <deployer>Push-Deployer</deployer>
  <authorEmail>N/A</authorEmail>
  <message>Created via a push deployment</message>
  <progress></progress>
  <status>Success</status>
  <statusText></statusText>
  <lastSuccessEndTime>2026-01-28T21:36:54.9162207Z</lastSuccessEndTime>
  <receivedTime>2026-01-28T21:36:52.1447222Z</receivedTime>
  <startTime>2026-01-28T21:36:53.4862954Z</startTime>
  <endTime>2026-01-28T21:36:54.9162207Z</endTime>
  <complete>True</complete>
  <is_temp>False</is_temp>
  <is_readonly>True</is_readonly>
  <buildSummary />
</deployment>