﻿<?xml version="1.0" encoding="utf-8"?>
<deployment>
  <id>5bd11f12-30b4-4e98-b330-2742b091f13b</id>
  <author>N/A</author>
  <deployer>Push-Deployer</deployer>
  <authorEmail>N/A</authorEmail>
  <message>Created via a push deployment</message>
  <progress></progress>
  <status>Failed</status>
  <statusText></statusText>
  <lastSuccessEndTime />
  <receivedTime>2026-01-28T21:54:38.8210728Z</receivedTime>
  <startTime>2026-01-28T21:54:40.4336407Z</startTime>
  <endTime>2026-01-28T21:54:44.4911086Z</endTime>
  <complete>True</complete>
  <is_temp>False</is_temp>
  <is_readonly>True</is_readonly>
  <buildSummary />
</deployment>