﻿<?xml version="1.0" encoding="utf-8"?>
<deployment>
  <id>a8d02016-1b2a-45d5-839c-42678baa73ac</id>
  <author>N/A</author>
  <deployer>Push-Deployer</deployer>
  <authorEmail>N/A</authorEmail>
  <message>Created via a push deployment</message>
  <progress></progress>
  <status>Success</status>
  <statusText></statusText>
  <lastSuccessEndTime>2026-01-28T20:21:56.4122544Z</lastSuccessEndTime>
  <receivedTime>2026-01-28T20:21:53.648199Z</receivedTime>
  <startTime>2026-01-28T20:21:54.9651583Z</startTime>
  <endTime>2026-01-28T20:21:56.4122544Z</endTime>
  <complete>True</complete>
  <is_temp>False</is_temp>
  <is_readonly>True</is_readonly>
  <buildSummary />
</deployment>