﻿<?xml version="1.0" encoding="utf-8"?>
<deployment>
  <id>7bbcd309-ee36-4dd4-a519-a8167a1f5650</id>
  <author>N/A</author>
  <deployer>Push-Deployer</deployer>
  <authorEmail>N/A</authorEmail>
  <message>Created via a push deployment</message>
  <progress></progress>
  <status>Success</status>
  <statusText></statusText>
  <lastSuccessEndTime>2026-01-28T20:38:46.3572838Z</lastSuccessEndTime>
  <receivedTime>2026-01-28T20:38:43.368057Z</receivedTime>
  <startTime>2026-01-28T20:38:44.7139777Z</startTime>
  <endTime>2026-01-28T20:38:46.3572838Z</endTime>
  <complete>True</complete>
  <is_temp>False</is_temp>
  <is_readonly>True</is_readonly>
  <buildSummary />
</deployment>