<step title="BackgroundTrace" date="2026-01-28T20:19:04.786" instance="58ab58" url="/api/zipdeploy" method="POST" >
  <step title="Creating temporary deployment - FetchDeploymentManager" date="2026-01-28T20:19:04.847" /><!-- duration: 2ms -->
  <step title="Creating temporary deployment" date="2026-01-28T20:19:04.853" /><!-- duration: 41ms -->
  <step title="Performing fetch based deployment" date="2026-01-28T20:19:04.929" >
    <step title="Cleaning up temp folders from previous zip deployments and extracting pushed zip file /tmp/zipdeploy/c9ba0990-8c98-48f7-92d1-076635335415.zip (0.00 MB) to /tmp/zipdeploy/extracted" date="2026-01-28T20:19:06.054" >
      <step title="ChmodRecursive Process exited with total time taken in ms: 13" date="2026-01-28T20:19:06.090" /><!-- duration: 3ms -->
    </step><!-- duration: 43ms -->
    <step title="Deployment timer started" date="2026-01-28T20:19:08.107" >
      <step title="DeploymentManager.Deploy(id:102de906-16e6-45bb-986c-56415b407543)" date="2026-01-28T20:19:08.112" >
        <step title="Collecting changeset information" date="2026-01-28T20:19:08.122" /><!-- duration: 76ms -->
        <step title="Updating submodules" date="2026-01-28T20:19:08.204" /><!-- duration: 1119ms -->
        <step title="Determining deployment builder" date="2026-01-28T20:19:09.573" >
          <step title="Builder is CustomBuilder" date="2026-01-28T20:19:09.577" /><!-- duration: 3ms -->
        </step><!-- duration: 11ms -->
        <step title="PreDeployment: context.CleanOutputPath False" date="2026-01-28T20:19:09.630" >
          <step title="PreDeployment: context.OutputPath /home/site/wwwroot" date="2026-01-28T20:19:09.759" >
            <step title="Building" date="2026-01-28T20:19:09.920" >
              <step title="Executing external process" date="2026-01-28T20:19:10.303" type="process" path="starter.sh" arguments="npm run build:prod" >
                <step title="Process dump" date="2026-01-28T20:19:10.616" exitCode="254" type="processOutput" /><!-- duration: 5ms -->
              </step><!-- duration: 338ms -->
              <step title="Error occurred" date="2026-01-28T20:19:10.662" type="error" text="npm error code ENOENT
npm error syscall open
npm error path /package.json
npm error errno -2
npm error enoent Could not read package.json: Error: ENOENT: no such file or directory, open &apos;/package.json&apos;
npm error enoent This is related to npm not being able to find a file.
npm error enoent
npm error A complete log of this run can be found in: /home/.npm/_logs/2026-01-28T20_19_10_418Z-debug-0.log
/opt/Kudu/Scripts/starter.sh npm run build:prod" stackTrace="   at Kudu.Core.Infrastructure.Executable.ExecuteInternal(ITracer tracer, Func`2 onWriteOutput, Func`2 onWriteError, CancellationToken token, Encoding encoding, String arguments, Object[] args) in /tmp/KuduLite/Kudu.Core/Infrastructure/Executable.cs:line 239
   at Kudu.Core.Infrastructure.Executable.ExecuteWithProgressWriter(ILogger logger, ITracer tracer, CancellationToken token, String arguments, Object[] args) in /tmp/KuduLite/Kudu.Core/Infrastructure/Executable.cs:line 118
   at Kudu.Core.Deployment.Generator.ExternalCommandBuilder.RunCommand(DeploymentContext context, String command, Boolean ignoreManifest, CancellationToken token, String message) in /tmp/KuduLite/Kudu.Core/Deployment/Generator/ExternalCommandBuilder.cs:line 122" /><!-- duration: 4ms -->
              <step title="Error occurred" date="2026-01-28T20:19:10.672" type="error" text="npm error code ENOENT
npm error syscall open
npm error path /package.json
npm error errno -2
npm error enoent Could not read package.json: Error: ENOENT: no such file or directory, open &apos;/package.json&apos;
npm error enoent This is related to npm not being able to find a file.
npm error enoent
npm error A complete log of this run can be found in: /home/.npm/_logs/2026-01-28T20_19_10_418Z-debug-0.log
/opt/Kudu/Scripts/starter.sh npm run build:prod" stackTrace="   at Kudu.Core.Infrastructure.Executable.ExecuteInternal(ITracer tracer, Func`2 onWriteOutput, Func`2 onWriteError, CancellationToken token, Encoding encoding, String arguments, Object[] args) in /tmp/KuduLite/Kudu.Core/Infrastructure/Executable.cs:line 239
   at Kudu.Core.Infrastructure.Executable.ExecuteWithProgressWriter(ILogger logger, ITracer tracer, CancellationToken token, String arguments, Object[] args) in /tmp/KuduLite/Kudu.Core/Infrastructure/Executable.cs:line 118
   at Kudu.Core.Deployment.Generator.ExternalCommandBuilder.RunCommand(DeploymentContext context, String command, Boolean ignoreManifest, CancellationToken token, String message) in /tmp/KuduLite/Kudu.Core/Deployment/Generator/ExternalCommandBuilder.cs:line 122
   at Kudu.Core.Deployment.Generator.CustomBuilder.Build(DeploymentContext context, CancellationToken token) in /tmp/KuduLite/Kudu.Core/Deployment/Generator/CustomBuilder.cs:line 53
--- End of stack trace from previous location ---
   at Kudu.Core.Deployment.DeploymentManager.Build(ChangeSet changeSet, ITracer tracer, IDisposable deployStep, IRepository repository, DeploymentInfoBase deploymentInfo, DeploymentAnalytics deploymentAnalytics, Boolean fullBuildByDefault, CancellationToken cancellationToken) in /tmp/KuduLite/Kudu.Core/Deployment/DeploymentManager.cs:line 771" /><!-- duration: 4ms -->
              <step title="Purge deployment items" date="2026-01-28T20:19:10.994" >
                <step title="Remove 61a01d6e-, Failed, received at 01/28/2026 20:07:56" date="2026-01-28T20:19:11.070" /><!-- duration: 22ms -->
              </step><!-- duration: 101ms -->
            </step><!-- duration: 1177ms -->
          </step><!-- duration: 1342ms -->
          <step title="Error occurred" date="2026-01-28T20:19:11.106" type="error" text="npm error code ENOENT
npm error syscall open
npm error path /package.json
npm error errno -2
npm error enoent Could not read package.json: Error: ENOENT: no such file or directory, open &apos;/package.json&apos;
npm error enoent This is related to npm not being able to find a file.
npm error enoent
npm error A complete log of this run can be found in: /home/.npm/_logs/2026-01-28T20_19_10_418Z-debug-0.log
/opt/Kudu/Scripts/starter.sh npm run build:prod" stackTrace="   at Kudu.Core.Infrastructure.Executable.ExecuteInternal(ITracer tracer, Func`2 onWriteOutput, Func`2 onWriteError, CancellationToken token, Encoding encoding, String arguments, Object[] args) in /tmp/KuduLite/Kudu.Core/Infrastructure/Executable.cs:line 239
   at Kudu.Core.Infrastructure.Executable.ExecuteWithProgressWriter(ILogger logger, ITracer tracer, CancellationToken token, String arguments, Object[] args) in /tmp/KuduLite/Kudu.Core/Infrastructure/Executable.cs:line 118
   at Kudu.Core.Deployment.Generator.ExternalCommandBuilder.RunCommand(DeploymentContext context, String command, Boolean ignoreManifest, CancellationToken token, String message) in /tmp/KuduLite/Kudu.Core/Deployment/Generator/ExternalCommandBuilder.cs:line 122
   at Kudu.Core.Deployment.Generator.CustomBuilder.Build(DeploymentContext context, CancellationToken token) in /tmp/KuduLite/Kudu.Core/Deployment/Generator/CustomBuilder.cs:line 53
--- End of stack trace from previous location ---
   at Kudu.Core.Deployment.DeploymentManager.Build(ChangeSet changeSet, ITracer tracer, IDisposable deployStep, IRepository repository, DeploymentInfoBase deploymentInfo, DeploymentAnalytics deploymentAnalytics, Boolean fullBuildByDefault, CancellationToken cancellationToken) in /tmp/KuduLite/Kudu.Core/Deployment/DeploymentManager.cs:line 771
   at Kudu.Core.Deployment.DeploymentManager.Build(ChangeSet changeSet, ITracer tracer, IDisposable deployStep, IRepository repository, DeploymentInfoBase deploymentInfo, DeploymentAnalytics deploymentAnalytics, Boolean fullBuildByDefault, CancellationToken cancellationToken) in /tmp/KuduLite/Kudu.Core/Deployment/DeploymentManager.cs:line 840" /><!-- duration: 5ms -->
          <step title="Cleaning up temp files" date="2026-01-28T20:19:11.449" /><!-- duration: 12ms -->
          <step title="Cleaning up temp files" date="2026-01-28T20:19:11.465" /><!-- duration: 506ms -->
          <step title="Error occurred" date="2026-01-28T20:19:12.016" type="error" text="npm error code ENOENT
npm error syscall open
npm error path /package.json
npm error errno -2
npm error enoent Could not read package.json: Error: ENOENT: no such file or directory, open &apos;/package.json&apos;
npm error enoent This is related to npm not being able to find a file.
npm error enoent
npm error A complete log of this run can be found in: /home/.npm/_logs/2026-01-28T20_19_10_418Z-debug-0.log
/opt/Kudu/Scripts/starter.sh npm run build:prod" stackTrace="   at Kudu.Core.Infrastructure.Executable.ExecuteInternal(ITracer tracer, Func`2 onWriteOutput, Func`2 onWriteError, CancellationToken token, Encoding encoding, String arguments, Object[] args) in /tmp/KuduLite/Kudu.Core/Infrastructure/Executable.cs:line 239
   at Kudu.Core.Infrastructure.Executable.ExecuteWithProgressWriter(ILogger logger, ITracer tracer, CancellationToken token, String arguments, Object[] args) in /tmp/KuduLite/Kudu.Core/Infrastructure/Executable.cs:line 118
   at Kudu.Core.Deployment.Generator.ExternalCommandBuilder.RunCommand(DeploymentContext context, String command, Boolean ignoreManifest, CancellationToken token, String message) in /tmp/KuduLite/Kudu.Core/Deployment/Generator/ExternalCommandBuilder.cs:line 122
   at Kudu.Core.Deployment.Generator.CustomBuilder.Build(DeploymentContext context, CancellationToken token) in /tmp/KuduLite/Kudu.Core/Deployment/Generator/CustomBuilder.cs:line 53
--- End of stack trace from previous location ---
   at Kudu.Core.Deployment.DeploymentManager.Build(ChangeSet changeSet, ITracer tracer, IDisposable deployStep, IRepository repository, DeploymentInfoBase deploymentInfo, DeploymentAnalytics deploymentAnalytics, Boolean fullBuildByDefault, CancellationToken cancellationToken) in /tmp/KuduLite/Kudu.Core/Deployment/DeploymentManager.cs:line 771
   at Kudu.Core.Deployment.DeploymentManager.Build(ChangeSet changeSet, ITracer tracer, IDisposable deployStep, IRepository repository, DeploymentInfoBase deploymentInfo, DeploymentAnalytics deploymentAnalytics, Boolean fullBuildByDefault, CancellationToken cancellationToken) in /tmp/KuduLite/Kudu.Core/Deployment/DeploymentManager.cs:line 840
   at Kudu.Core.Deployment.DeploymentManager.DeployAsync(IRepository repository, ChangeSet changeSet, String deployer, Boolean clean, DeploymentInfoBase deploymentInfo, Boolean needFileUpdate, Boolean fullBuildByDefault) in /tmp/KuduLite/Kudu.Core/Deployment/DeploymentManager.cs:line 266" /><!-- duration: 4ms -->
        </step><!-- duration: 2394ms -->
        <step title="Reloading status file with latest updates" date="2026-01-28T20:19:12.065" >
          <step title="WebHooksManager.PublishEventAsync: PostDeployment" date="2026-01-28T20:19:12.069" /><!-- duration: 34ms -->
        </step><!-- duration: 41ms -->
        <step title="Error occurred" date="2026-01-28T20:19:12.109" type="error" text="npm error code ENOENT
npm error syscall open
npm error path /package.json
npm error errno -2
npm error enoent Could not read package.json: Error: ENOENT: no such file or directory, open &apos;/package.json&apos;
npm error enoent This is related to npm not being able to find a file.
npm error enoent
npm error A complete log of this run can be found in: /home/.npm/_logs/2026-01-28T20_19_10_418Z-debug-0.log
/opt/Kudu/Scripts/starter.sh npm run build:prod" stackTrace="   at Kudu.Core.Infrastructure.Executable.ExecuteInternal(ITracer tracer, Func`2 onWriteOutput, Func`2 onWriteError, CancellationToken token, Encoding encoding, String arguments, Object[] args) in /tmp/KuduLite/Kudu.Core/Infrastructure/Executable.cs:line 239
   at Kudu.Core.Infrastructure.Executable.ExecuteWithProgressWriter(ILogger logger, ITracer tracer, CancellationToken token, String arguments, Object[] args) in /tmp/KuduLite/Kudu.Core/Infrastructure/Executable.cs:line 118
   at Kudu.Core.Deployment.Generator.ExternalCommandBuilder.RunCommand(DeploymentContext context, String command, Boolean ignoreManifest, CancellationToken token, String message) in /tmp/KuduLite/Kudu.Core/Deployment/Generator/ExternalCommandBuilder.cs:line 122
   at Kudu.Core.Deployment.Generator.CustomBuilder.Build(DeploymentContext context, CancellationToken token) in /tmp/KuduLite/Kudu.Core/Deployment/Generator/CustomBuilder.cs:line 53
--- End of stack trace from previous location ---
   at Kudu.Core.Deployment.DeploymentManager.Build(ChangeSet changeSet, ITracer tracer, IDisposable deployStep, IRepository repository, DeploymentInfoBase deploymentInfo, DeploymentAnalytics deploymentAnalytics, Boolean fullBuildByDefault, CancellationToken cancellationToken) in /tmp/KuduLite/Kudu.Core/Deployment/DeploymentManager.cs:line 771
   at Kudu.Core.Deployment.DeploymentManager.Build(ChangeSet changeSet, ITracer tracer, IDisposable deployStep, IRepository repository, DeploymentInfoBase deploymentInfo, DeploymentAnalytics deploymentAnalytics, Boolean fullBuildByDefault, CancellationToken cancellationToken) in /tmp/KuduLite/Kudu.Core/Deployment/DeploymentManager.cs:line 840
   at Kudu.Core.Deployment.DeploymentManager.DeployAsync(IRepository repository, ChangeSet changeSet, String deployer, Boolean clean, DeploymentInfoBase deploymentInfo, Boolean needFileUpdate, Boolean fullBuildByDefault) in /tmp/KuduLite/Kudu.Core/Deployment/DeploymentManager.cs:line 266" /><!-- duration: 4ms -->
        <step title="Marking deployment as failed and cleaning up the temp deployment" date="2026-01-28T20:19:12.157" /><!-- duration: 4ms -->
      </step><!-- duration: 4154ms -->
      <step title="Error occurred" date="2026-01-28T20:19:12.279" type="error" text="One or more errors occurred. (Deployment failed)" stackTrace="   at System.Threading.Tasks.Task.Wait(Int32 millisecondsTimeout, CancellationToken cancellationToken)
   at System.Threading.Tasks.Task.Wait()
   at Kudu.Core.Deployment.FetchDeploymentManager.&lt;&gt;c__DisplayClass22_1.&lt;PerformBackgroundDeployment&gt;b__3() in /tmp/KuduLite/Kudu.Core/Deployment/FetchDeploymentManager.cs:line 414
   at Kudu.Contracts.Infrastructure.LockExtensions.TryLockOperation(IOperationLock lockObj, Action operation, String operationName, TimeSpan timeout) in /tmp/KuduLite/Kudu.Contracts/Infrastructure/LockExtensions.cs:line 34
   at Kudu.Contracts.Infrastructure.LockExtensions.LockOperation(IOperationLock lockObj, Action operation, String operationName, TimeSpan timeout) in /tmp/KuduLite/Kudu.Contracts/Infrastructure/LockExtensions.cs:line 46
   at Kudu.Core.Deployment.FetchDeploymentManager.&lt;&gt;c__DisplayClass22_0.&lt;PerformBackgroundDeployment&gt;b__1() in /tmp/KuduLite/Kudu.Core/Deployment/FetchDeploymentManager.cs:line 393" innerText="Deployment failed" innerStackTrace="   at Kudu.Core.Deployment.DeploymentManager.DeployAsync(IRepository repository, ChangeSet changeSet, String deployer, Boolean clean, DeploymentInfoBase deploymentInfo, Boolean needFileUpdate, Boolean fullBuildByDefault) in /tmp/KuduLite/Kudu.Core/Deployment/DeploymentManager.cs:line 307
   at Kudu.Core.Deployment.FetchDeploymentManager.PerformDeployment(DeploymentInfoBase deploymentInfo, IDisposable tempDeployment, ChangeSet tempChangeSet, DeployStatusApiResult updateStatusObj) in /tmp/KuduLite/Kudu.Core/Deployment/FetchDeploymentManager.cs:line 230" /><!-- duration: 3ms -->
    </step><!-- duration: 4179ms -->
