<step title="Incoming Request" date="2026-01-28T20:26:24.335" instance="58ab58" url="/api/zipdeploy?isAsync=true" method="POST" type="request" pid="851,1,5" Accept="*/*" Host="magicbuswebapp-aufbczgheaaqb0g5.scm.southeastasia-01.azurewebsites.net" User-Agent="AZURECLI/2.81.0 (MSI)" Accept-Encoding="gzip, deflate" Authorization="Bea..." Cache-Control="no-cache" Content-Type="application/octet-stream" Content-Length="155162" x-ms-client-request-id="9aaffd92-fc87-11f0-aa4c-6045bdaab496" x-ms-artifact-checksum="8e46345fd737e8820b23ea07300d1bddbfc0743f603f7dae68192daea1f5e939" X-ARR-LOG-ID="9aaffd92-fc87-11f0-aa4c-6045bdaab496" CLIENT-IP="135.235.241.180:6472" X-SITE-DEPLOYMENT-ID="magicBusWebApp" WAS-DEFAULT-HOSTNAME="magicbuswebapp-aufbczgheaaqb0g5.scm.southeastasia-01.azurewebsites.net" X-Forwarded-Proto="https" X-AppService-Proto="https" X-Forwarded-TlsVersion="1.3" X-WAWS-Unencoded-URL="/api/zipdeploy?isAsync=true" X-Client-IP="135.235.241.180" X-Client-Port="6472" >
  <step title="Cleanup Xml Logs" date="2026-01-28T20:26:24.337" /><!-- duration: 5ms -->
  <step title="ZipPushDeploy" date="2026-01-28T20:26:24.363" >
    <step title="ZipDeploy. Extract zip." date="2026-01-28T20:26:24.369" /><!-- duration: 3ms -->
    <step title="None repository commit" date="2026-01-28T20:26:24.377" >
      <step title="Commit id: a0e5fc3a-5912-4be5-85d5-8cbbea591f66" date="2026-01-28T20:26:24.380" Message="N/A" AuthorName="N/A" AuthorEmail="N/A" /><!-- duration: 3ms -->
    </step><!-- duration: 9ms -->
    <step title="Starting PushDeployAsync" date="2026-01-28T20:26:24.389" /><!-- duration: 3ms -->
    <step title="Writing artifact to /tmp/zipdeploy/5226411a-feb3-43d1-97a4-8cd63756dc1b.zip" date="2026-01-28T20:26:24.403" >
      <step title="Writing multipart request body to /tmp/zipdeploy/5226411a-feb3-43d1-97a4-8cd63756dc1b.zip" date="2026-01-28T20:26:24.407" /><!-- duration: 3ms -->
    </step><!-- duration: 26ms -->
    <step title="Start deployment in the background" date="2026-01-28T20:26:24.438" >
      <step title="Acquiring Deployment Lock" date="2026-01-28T20:26:24.449" /><!-- duration: 3ms -->
      <step title="Acquired Deployment Lock" date="2026-01-28T20:26:24.490" /><!-- duration: 3ms -->
    </step><!-- duration: 119ms -->
  </step><!-- duration: 201ms -->
  <step title="Outgoing response" date="2026-01-28T20:26:24.570" type="response" statusCode="202" statusText="Accepted" /><!-- duration: 3ms -->
</step><!-- duration: 241ms -->
