<step title="Incoming Request" date="2026-01-28T20:07:01.611" instance="58ab58" url="/api/zipdeploy?isAsync=true" method="POST" type="request" pid="852,1,21" Accept="*/*" Host="magicbuswebapp-aufbczgheaaqb0g5.scm.southeastasia-01.azurewebsites.net" User-Agent="AZURECLI/2.81.0 (MSI)" Accept-Encoding="gzip, deflate" Authorization="Bea..." Cache-Control="no-cache" Content-Type="application/octet-stream" Content-Length="1788974" x-ms-client-request-id="e566d6e6-fc84-11f0-8338-6045bdaab496" x-ms-artifact-checksum="e86703dd8894d4bff2866f845807177360cfedaf52fe9f1f56e15e9096cdc921" X-ARR-LOG-ID="e566d6e6-fc84-11f0-8338-6045bdaab496" CLIENT-IP="135.235.241.180:6476" X-SITE-DEPLOYMENT-ID="magicBusWebApp" WAS-DEFAULT-HOSTNAME="magicbuswebapp-aufbczgheaaqb0g5.scm.southeastasia-01.azurewebsites.net" X-Forwarded-Proto="https" X-AppService-Proto="https" X-Forwarded-TlsVersion="1.3" X-WAWS-Unencoded-URL="/api/zipdeploy?isAsync=true" X-Client-IP="135.235.241.180" X-Client-Port="6476" >
  <step title="Cleanup Xml Logs" date="2026-01-28T20:07:01.614" /><!-- duration: 5ms -->
  <step title="ZipPushDeploy" date="2026-01-28T20:07:01.627" >
    <step title="ZipDeploy. Extract zip." date="2026-01-28T20:07:01.633" /><!-- duration: 3ms -->
    <step title="Starting PushDeployAsync" date="2026-01-28T20:07:01.641" /><!-- duration: 3ms -->
    <step title="Writing artifact to /tmp/zipdeploy/d612c39c-f54d-4ef5-aee0-e8dae37b6d28.zip" date="2026-01-28T20:07:01.652" >
      <step title="Writing multipart request body to /tmp/zipdeploy/d612c39c-f54d-4ef5-aee0-e8dae37b6d28.zip" date="2026-01-28T20:07:01.655" /><!-- duration: 3ms -->
    </step><!-- duration: 23ms -->
    <step title="Start deployment in the background" date="2026-01-28T20:07:01.682" >
      <step title="Acquiring Deployment Lock" date="2026-01-28T20:07:01.693" /><!-- duration: 3ms -->
      <step title="Acquired Deployment Lock" date="2026-01-28T20:07:01.731" /><!-- duration: 3ms -->
    </step><!-- duration: 102ms -->
  </step><!-- duration: 160ms -->
  <step title="Outgoing response" date="2026-01-28T20:07:01.791" type="response" statusCode="202" statusText="Accepted" /><!-- duration: 3ms -->
</step><!-- duration: 186ms -->
