<step title="Incoming Request" date="2026-01-28T20:34:51.685" instance="58ab58" url="/api/zipdeploy?isAsync=true" method="POST" type="request" pid="851,1,3" Accept="*/*" Host="magicbuswebapp-aufbczgheaaqb0g5.scm.southeastasia-01.azurewebsites.net" User-Agent="AZURECLI/2.81.0 (MSI)" Accept-Encoding="gzip, deflate" Authorization="Bea..." Cache-Control="no-cache" Content-Type="application/octet-stream" Content-Length="1790900" x-ms-client-request-id="c9bf23de-fc88-11f0-bec2-6045bdaab496" x-ms-artifact-checksum="529250e0f7166341bb40bac1b0f6a796739860dc9b93650067c945c830d8aabb" X-ARR-LOG-ID="c9bf23de-fc88-11f0-bec2-6045bdaab496" CLIENT-IP="135.235.241.180:6499" X-SITE-DEPLOYMENT-ID="magicBusWebApp" WAS-DEFAULT-HOSTNAME="magicbuswebapp-aufbczgheaaqb0g5.scm.southeastasia-01.azurewebsites.net" X-Forwarded-Proto="https" X-AppService-Proto="https" X-Forwarded-TlsVersion="1.3" X-WAWS-Unencoded-URL="/api/zipdeploy?isAsync=true" X-Client-IP="135.235.241.180" X-Client-Port="6499" >
  <step title="Cleanup Xml Logs" date="2026-01-28T20:34:51.688" /><!-- duration: 6ms -->
  <step title="ZipPushDeploy" date="2026-01-28T20:34:51.705" >
    <step title="ZipDeploy. Extract zip. Remote build." date="2026-01-28T20:34:51.710" /><!-- duration: 3ms -->
    <step title="Starting PushDeployAsync" date="2026-01-28T20:34:51.718" /><!-- duration: 3ms -->
    <step title="Writing artifact to /tmp/zipdeploy/190c41ab-13b6-48c4-a783-921152d949c9.zip" date="2026-01-28T20:34:51.728" >
      <step title="Writing multipart request body to /tmp/zipdeploy/190c41ab-13b6-48c4-a783-921152d949c9.zip" date="2026-01-28T20:34:51.733" /><!-- duration: 5ms -->
    </step><!-- duration: 213ms -->
    <step title="Start deployment in the background" date="2026-01-28T20:34:51.948" >
      <step title="Acquiring Deployment Lock" date="2026-01-28T20:34:51.967" /><!-- duration: 3ms -->
      <step title="Acquired Deployment Lock" date="2026-01-28T20:34:51.996" /><!-- duration: 3ms -->
    </step><!-- duration: 112ms -->
  </step><!-- duration: 361ms -->
  <step title="Outgoing response" date="2026-01-28T20:34:52.069" type="response" statusCode="202" statusText="Accepted" /><!-- duration: 3ms -->
</step><!-- duration: 390ms -->
