<step title="Incoming Request" date="2026-01-28T20:27:25.421" instance="58ab58" url="/api/zipdeploy?isAsync=true" method="POST" type="request" pid="851,1,3" Accept="*/*" Host="magicbuswebapp-aufbczgheaaqb0g5.scm.southeastasia-01.azurewebsites.net" User-Agent="AZURECLI/2.81.0 (MSI)" Accept-Encoding="gzip, deflate" Authorization="Bea..." Cache-Control="no-cache" Content-Type="application/octet-stream" Content-Length="1833415" x-ms-client-request-id="bf5f4591-fc87-11f0-9c20-6045bdaab496" x-ms-artifact-checksum="8863606464559af915f0edf236ec5738ebb71c1f4119d61a95a8f08ca48f7205" X-ARR-LOG-ID="bf5f4591-fc87-11f0-9c20-6045bdaab496" CLIENT-IP="135.235.241.180:6483" X-SITE-DEPLOYMENT-ID="magicBusWebApp" WAS-DEFAULT-HOSTNAME="magicbuswebapp-aufbczgheaaqb0g5.scm.southeastasia-01.azurewebsites.net" X-Forwarded-Proto="https" X-AppService-Proto="https" X-Forwarded-TlsVersion="1.3" X-WAWS-Unencoded-URL="/api/zipdeploy?isAsync=true" X-Client-IP="135.235.241.180" X-Client-Port="6483" >
  <step title="Cleanup Xml Logs" date="2026-01-28T20:27:25.424" /><!-- duration: 5ms -->
  <step title="ZipPushDeploy" date="2026-01-28T20:27:25.438" >
    <step title="ZipDeploy. Extract zip." date="2026-01-28T20:27:25.444" /><!-- duration: 3ms -->
    <step title="Starting PushDeployAsync" date="2026-01-28T20:27:25.451" /><!-- duration: 3ms -->
    <step title="Writing artifact to /tmp/zipdeploy/4afa2844-2cee-4a25-b947-46223be0d592.zip" date="2026-01-28T20:27:25.461" >
      <step title="Writing multipart request body to /tmp/zipdeploy/4afa2844-2cee-4a25-b947-46223be0d592.zip" date="2026-01-28T20:27:25.464" /><!-- duration: 3ms -->
    </step><!-- duration: 23ms -->
    <step title="Start deployment in the background" date="2026-01-28T20:27:25.491" >
      <step title="Acquiring Deployment Lock" date="2026-01-28T20:27:25.499" /><!-- duration: 3ms -->
      <step title="Acquired Deployment Lock" date="2026-01-28T20:27:25.524" /><!-- duration: 3ms -->
    </step><!-- duration: 104ms -->
  </step><!-- duration: 160ms -->
  <step title="Outgoing response" date="2026-01-28T20:27:25.601" type="response" statusCode="202" statusText="Accepted" /><!-- duration: 3ms -->
</step><!-- duration: 186ms -->
