<step title="Incoming Request" date="2026-01-28T20:28:22.722" instance="58ab58" url="/api/zipdeploy?isAsync=true" method="POST" type="request" pid="851,1,21" Accept="*/*" Host="magicbuswebapp-aufbczgheaaqb0g5.scm.southeastasia-01.azurewebsites.net" User-Agent="AZURECLI/2.81.0 (MSI)" Accept-Encoding="gzip, deflate" Authorization="Bea..." Cache-Control="no-cache" Content-Type="application/octet-stream" Content-Length="1833415" x-ms-client-request-id="e1e6b101-fc87-11f0-bf06-6045bdaab496" x-ms-artifact-checksum="8863606464559af915f0edf236ec5738ebb71c1f4119d61a95a8f08ca48f7205" X-ARR-LOG-ID="e1e6b101-fc87-11f0-bf06-6045bdaab496" CLIENT-IP="135.235.241.180:6470" X-SITE-DEPLOYMENT-ID="magicBusWebApp" WAS-DEFAULT-HOSTNAME="magicbuswebapp-aufbczgheaaqb0g5.scm.southeastasia-01.azurewebsites.net" X-Forwarded-Proto="https" X-AppService-Proto="https" X-Forwarded-TlsVersion="1.3" X-WAWS-Unencoded-URL="/api/zipdeploy?isAsync=true" X-Client-IP="135.235.241.180" X-Client-Port="6470" >
  <step title="Cleanup Xml Logs" date="2026-01-28T20:28:22.724" /><!-- duration: 5ms -->
  <step title="ZipPushDeploy" date="2026-01-28T20:28:22.740" >
    <step title="ZipDeploy. Extract zip." date="2026-01-28T20:28:22.746" /><!-- duration: 3ms -->
    <step title="Starting PushDeployAsync" date="2026-01-28T20:28:22.753" /><!-- duration: 3ms -->
    <step title="Writing artifact to /tmp/zipdeploy/b0cbd7a1-9712-4673-a3c6-6dc37977dc75.zip" date="2026-01-28T20:28:22.764" >
      <step title="Writing multipart request body to /tmp/zipdeploy/b0cbd7a1-9712-4673-a3c6-6dc37977dc75.zip" date="2026-01-28T20:28:22.767" /><!-- duration: 3ms -->
    </step><!-- duration: 312ms -->
    <step title="Start deployment in the background" date="2026-01-28T20:28:23.084" >
      <step title="Acquiring Deployment Lock" date="2026-01-28T20:28:23.092" /><!-- duration: 3ms -->
      <step title="Acquired Deployment Lock" date="2026-01-28T20:28:23.117" /><!-- duration: 10ms -->
    </step><!-- duration: 102ms -->
  </step><!-- duration: 449ms -->
  <step title="Outgoing response" date="2026-01-28T20:28:23.192" type="response" statusCode="202" statusText="Accepted" /><!-- duration: 3ms -->
</step><!-- duration: 476ms -->
