<step title="Incoming Request" date="2026-01-28T22:30:28.139" instance="58ab58" url="/api/zipdeploy?isAsync=true" method="POST" type="request" pid="830,1,41" Accept="*/*" Host="magicbuswebappnew-duenfjfugfg2b4e6.scm.southeastasia-01.azurewebsites.net" User-Agent="AZURECLI/2.81.0 (MSI)" Accept-Encoding="gzip, deflate" Authorization="Bas..." Cache-Control="no-cache" Content-Type="application/octet-stream" Content-Length="1790425" x-ms-client-request-id="ef81175c-fc98-11f0-9bdc-6045bdaab496" x-ms-artifact-checksum="df46bab2ca754cbd3a830e38eea2e9bdc6912843fb006740175a5256d7f32e9f" X-ARR-LOG-ID="ef81175c-fc98-11f0-9bdc-6045bdaab496" CLIENT-IP="135.235.241.180:6657" X-SITE-DEPLOYMENT-ID="magicBusWebAppNew" WAS-DEFAULT-HOSTNAME="magicbuswebappnew-duenfjfugfg2b4e6.scm.southeastasia-01.azurewebsites.net" X-Forwarded-Proto="https" X-AppService-Proto="https" X-Forwarded-TlsVersion="1.3" X-WAWS-Unencoded-URL="/api/zipdeploy?isAsync=true" X-Client-IP="135.235.241.180" X-Client-Port="6657" >
  <step title="Cleanup Xml Logs" date="2026-01-28T22:30:28.142" /><!-- duration: 6ms -->
  <step title="ZipPushDeploy" date="2026-01-28T22:30:28.156" >
    <step title="ZipDeploy. Extract zip." date="2026-01-28T22:30:28.163" /><!-- duration: 3ms -->
    <step title="Starting PushDeployAsync" date="2026-01-28T22:30:28.170" /><!-- duration: 3ms -->
    <step title="Writing artifact to /tmp/zipdeploy/4daccfca-16c3-4896-8355-48d7fde3d739.zip" date="2026-01-28T22:30:28.183" >
      <step title="Writing multipart request body to /tmp/zipdeploy/4daccfca-16c3-4896-8355-48d7fde3d739.zip" date="2026-01-28T22:30:28.186" /><!-- duration: 6ms -->
    </step><!-- duration: 230ms -->
    <step title="Start deployment in the background" date="2026-01-28T22:30:28.429" >
      <step title="Acquiring Deployment Lock" date="2026-01-28T22:30:28.437" /><!-- duration: 3ms -->
      <step title="Acquired Deployment Lock" date="2026-01-28T22:30:28.461" /><!-- duration: 3ms -->
    </step><!-- duration: 91ms -->
  </step><!-- duration: 367ms -->
  <step title="Outgoing response" date="2026-01-28T22:30:28.526" type="response" statusCode="202" statusText="Accepted" /><!-- duration: 12ms -->
</step><!-- duration: 402ms -->
