<step title="Incoming Request" date="2026-01-28T22:23:00.532" instance="58ab58" url="/api/zipdeploy?isAsync=true" method="POST" type="request" pid="830,1,22" Accept="*/*" Host="magicbuswebappnew-duenfjfugfg2b4e6.scm.southeastasia-01.azurewebsites.net" User-Agent="AZURECLI/2.81.0 (MSI)" Accept-Encoding="gzip, deflate" Authorization="Bas..." Cache-Control="no-cache" Content-Type="application/octet-stream" Content-Length="1790948" x-ms-client-request-id="e43df6a5-fc97-11f0-a008-6045bdaab496" x-ms-artifact-checksum="9ed425c04eef8279729f32724362ba6da667b7e79a9c969875263ee192ce8d5b" X-ARR-LOG-ID="e43df6a5-fc97-11f0-a008-6045bdaab496" CLIENT-IP="74.225.176.69:3549" X-SITE-DEPLOYMENT-ID="magicBusWebAppNew" WAS-DEFAULT-HOSTNAME="magicbuswebappnew-duenfjfugfg2b4e6.scm.southeastasia-01.azurewebsites.net" X-Forwarded-Proto="https" X-AppService-Proto="https" X-Forwarded-TlsVersion="1.3" X-WAWS-Unencoded-URL="/api/zipdeploy?isAsync=true" X-Client-IP="74.225.176.69" X-Client-Port="3549" >
  <step title="Cleanup Xml Logs" date="2026-01-28T22:23:00.548" /><!-- duration: 5ms -->
  <step title="ZipPushDeploy" date="2026-01-28T22:23:00.561" >
    <step title="ZipDeploy. Extract zip." date="2026-01-28T22:23:00.567" /><!-- duration: 3ms -->
    <step title="Starting PushDeployAsync" date="2026-01-28T22:23:00.575" /><!-- duration: 3ms -->
    <step title="Writing artifact to /tmp/zipdeploy/29ea7589-f25f-48e0-89f2-5a72e42dd992.zip" date="2026-01-28T22:23:00.586" >
      <step title="Writing multipart request body to /tmp/zipdeploy/29ea7589-f25f-48e0-89f2-5a72e42dd992.zip" date="2026-01-28T22:23:00.589" /><!-- duration: 3ms -->
    </step><!-- duration: 104ms -->
    <step title="Start deployment in the background" date="2026-01-28T22:23:00.697" >
      <step title="Acquiring Deployment Lock" date="2026-01-28T22:23:00.709" /><!-- duration: 3ms -->
      <step title="Acquired Deployment Lock" date="2026-01-28T22:23:00.743" /><!-- duration: 3ms -->
    </step><!-- duration: 225ms -->
  </step><!-- duration: 363ms -->
  <step title="Outgoing response" date="2026-01-28T22:23:00.928" type="response" statusCode="202" statusText="Accepted" /><!-- duration: 3ms -->
</step><!-- duration: 401ms -->
