<step title="Incoming Request" date="2026-01-28T22:22:18.074" instance="58ab58" url="/api/zipdeploy?isAsync=true" method="POST" type="request" pid="830,1,20" Accept="*/*" Host="magicbuswebappnew-duenfjfugfg2b4e6.scm.southeastasia-01.azurewebsites.net" User-Agent="AZURECLI/2.81.0 (MSI)" Accept-Encoding="gzip, deflate" Authorization="Bas..." Cache-Control="no-cache" Content-Type="application/octet-stream" Content-Length="1790948" x-ms-client-request-id="cb4c8f4c-fc97-11f0-9b5a-6045bdaab496" x-ms-artifact-checksum="9ed425c04eef8279729f32724362ba6da667b7e79a9c969875263ee192ce8d5b" X-ARR-LOG-ID="cb4c8f4c-fc97-11f0-9b5a-6045bdaab496" CLIENT-IP="135.235.241.180:6667" X-SITE-DEPLOYMENT-ID="magicBusWebAppNew" WAS-DEFAULT-HOSTNAME="magicbuswebappnew-duenfjfugfg2b4e6.scm.southeastasia-01.azurewebsites.net" X-Forwarded-Proto="https" X-AppService-Proto="https" X-Forwarded-TlsVersion="1.3" X-WAWS-Unencoded-URL="/api/zipdeploy?isAsync=true" X-Client-IP="135.235.241.180" X-Client-Port="6667" >
  <step title="Cleanup Xml Logs" date="2026-01-28T22:22:18.076" /><!-- duration: 5ms -->
  <step title="ZipPushDeploy" date="2026-01-28T22:22:18.089" >
    <step title="ZipDeploy. Extract zip." date="2026-01-28T22:22:18.096" /><!-- duration: 3ms -->
    <step title="Starting PushDeployAsync" date="2026-01-28T22:22:18.103" /><!-- duration: 3ms -->
    <step title="Writing artifact to /tmp/zipdeploy/2d2fb892-6c6f-49cb-b238-1a315338f98f.zip" date="2026-01-28T22:22:18.115" >
      <step title="Writing multipart request body to /tmp/zipdeploy/2d2fb892-6c6f-49cb-b238-1a315338f98f.zip" date="2026-01-28T22:22:18.121" /><!-- duration: 3ms -->
    </step><!-- duration: 263ms -->
    <step title="Start deployment in the background" date="2026-01-28T22:22:18.385" >
      <step title="Acquiring Deployment Lock" date="2026-01-28T22:22:18.393" /><!-- duration: 3ms -->
      <step title="Acquired Deployment Lock" date="2026-01-28T22:22:18.418" /><!-- duration: 3ms -->
    </step><!-- duration: 92ms -->
  </step><!-- duration: 391ms -->
  <step title="Outgoing response" date="2026-01-28T22:22:18.484" type="response" statusCode="202" statusText="Accepted" /><!-- duration: 3ms -->
</step><!-- duration: 415ms -->
