<step title="Incoming Request" date="2026-01-28T22:31:11.595" instance="58ab58" url="/api/zipdeploy?isAsync=true" method="POST" type="request" pid="830,1,23" Accept="*/*" Host="magicbuswebappnew-duenfjfugfg2b4e6.scm.southeastasia-01.azurewebsites.net" User-Agent="AZURECLI/2.81.0 (MSI)" Accept-Encoding="gzip, deflate" Authorization="Bas..." Cache-Control="no-cache" Content-Type="application/octet-stream" Content-Length="1790954" x-ms-client-request-id="099b0eac-fc99-11f0-bfc5-6045bdaab496" x-ms-artifact-checksum="aca2d1dfc00b82eb1255367ff89041abfdaacfe1f444241324df0df68978121c" X-ARR-LOG-ID="099b0eac-fc99-11f0-bfc5-6045bdaab496" CLIENT-IP="135.235.241.180:6657" X-SITE-DEPLOYMENT-ID="magicBusWebAppNew" WAS-DEFAULT-HOSTNAME="magicbuswebappnew-duenfjfugfg2b4e6.scm.southeastasia-01.azurewebsites.net" X-Forwarded-Proto="https" X-AppService-Proto="https" X-Forwarded-TlsVersion="1.3" X-WAWS-Unencoded-URL="/api/zipdeploy?isAsync=true" X-Client-IP="135.235.241.180" X-Client-Port="6657" >
  <step title="Cleanup Xml Logs" date="2026-01-28T22:31:11.598" /><!-- duration: 5ms -->
  <step title="ZipPushDeploy" date="2026-01-28T22:31:11.611" >
    <step title="ZipDeploy. Extract zip." date="2026-01-28T22:31:11.618" /><!-- duration: 23ms -->
    <step title="Starting PushDeployAsync" date="2026-01-28T22:31:11.644" /><!-- duration: 3ms -->
    <step title="Writing artifact to /tmp/zipdeploy/794cce1a-b7a4-489e-808b-66cba9390e2f.zip" date="2026-01-28T22:31:11.655" >
      <step title="Writing multipart request body to /tmp/zipdeploy/794cce1a-b7a4-489e-808b-66cba9390e2f.zip" date="2026-01-28T22:31:11.658" /><!-- duration: 3ms -->
    </step><!-- duration: 260ms -->
    <step title="Start deployment in the background" date="2026-01-28T22:31:11.923" >
      <step title="Acquiring Deployment Lock" date="2026-01-28T22:31:11.931" /><!-- duration: 3ms -->
      <step title="Acquired Deployment Lock" date="2026-01-28T22:31:11.959" /><!-- duration: 3ms -->
    </step><!-- duration: 90ms -->
  </step><!-- duration: 404ms -->
  <step title="Outgoing response" date="2026-01-28T22:31:12.019" type="response" statusCode="202" statusText="Accepted" /><!-- duration: 3ms -->
</step><!-- duration: 429ms -->
