<step title="Incoming Request" date="2026-01-28T22:29:39.298" instance="58ab58" url="/api/zipdeploy?isAsync=true" method="POST" type="request" pid="830,1,43" Accept="*/*" Host="magicbuswebappnew-duenfjfugfg2b4e6.scm.southeastasia-01.azurewebsites.net" User-Agent="AZURECLI/2.81.0 (MSI)" Accept-Encoding="gzip, deflate" Authorization="Bas..." Cache-Control="no-cache" Content-Type="application/octet-stream" Content-Length="1791001" x-ms-client-request-id="d3304705-fc98-11f0-b590-6045bdaab496" x-ms-artifact-checksum="543bb71184729ac89e878e32e744317cfe623855df7d77612aa514df69819cd4" X-ARR-LOG-ID="d3304705-fc98-11f0-b590-6045bdaab496" CLIENT-IP="74.225.176.69:3533" X-SITE-DEPLOYMENT-ID="magicBusWebAppNew" WAS-DEFAULT-HOSTNAME="magicbuswebappnew-duenfjfugfg2b4e6.scm.southeastasia-01.azurewebsites.net" X-Forwarded-Proto="https" X-AppService-Proto="https" X-Forwarded-TlsVersion="1.3" X-WAWS-Unencoded-URL="/api/zipdeploy?isAsync=true" X-Client-IP="74.225.176.69" X-Client-Port="3533" >
  <step title="Cleanup Xml Logs" date="2026-01-28T22:29:39.301" /><!-- duration: 5ms -->
  <step title="ZipPushDeploy" date="2026-01-28T22:29:39.315" >
    <step title="ZipDeploy. Extract zip." date="2026-01-28T22:29:39.321" /><!-- duration: 3ms -->
    <step title="Starting PushDeployAsync" date="2026-01-28T22:29:39.328" /><!-- duration: 3ms -->
    <step title="Writing artifact to /tmp/zipdeploy/272ae1b7-9a9f-4ae6-b1cc-c6455581e659.zip" date="2026-01-28T22:29:39.342" >
      <step title="Writing multipart request body to /tmp/zipdeploy/272ae1b7-9a9f-4ae6-b1cc-c6455581e659.zip" date="2026-01-28T22:29:39.345" /><!-- duration: 4ms -->
    </step><!-- duration: 224ms -->
    <step title="Start deployment in the background" date="2026-01-28T22:29:39.573" >
      <step title="Acquiring Deployment Lock" date="2026-01-28T22:29:39.583" /><!-- duration: 6ms -->
      <step title="Acquired Deployment Lock" date="2026-01-28T22:29:39.614" /><!-- duration: 3ms -->
    </step><!-- duration: 106ms -->
  </step><!-- duration: 368ms -->
  <step title="Outgoing response" date="2026-01-28T22:29:39.687" type="response" statusCode="202" statusText="Accepted" /><!-- duration: 3ms -->
</step><!-- duration: 394ms -->
